-- MySQL dump 10.13  Distrib 5.7.17, for Win64 (x86_64)
--
-- Host: localhost    Database: nlp
-- ------------------------------------------------------
-- Server version	5.7.18-log

/*!40101 SET @OLD_CHARACTER_SET_CLIENT=@@CHARACTER_SET_CLIENT */;
/*!40101 SET @OLD_CHARACTER_SET_RESULTS=@@CHARACTER_SET_RESULTS */;
/*!40101 SET @OLD_COLLATION_CONNECTION=@@COLLATION_CONNECTION */;
/*!40101 SET NAMES utf8 */;
/*!40103 SET @OLD_TIME_ZONE=@@TIME_ZONE */;
/*!40103 SET TIME_ZONE='+00:00' */;
/*!40014 SET @OLD_UNIQUE_CHECKS=@@UNIQUE_CHECKS, UNIQUE_CHECKS=0 */;
/*!40014 SET @OLD_FOREIGN_KEY_CHECKS=@@FOREIGN_KEY_CHECKS, FOREIGN_KEY_CHECKS=0 */;
/*!40101 SET @OLD_SQL_MODE=@@SQL_MODE, SQL_MODE='NO_AUTO_VALUE_ON_ZERO' */;
/*!40111 SET @OLD_SQL_NOTES=@@SQL_NOTES, SQL_NOTES=0 */;

--
-- Table structure for table `dataset`
--

DROP TABLE IF EXISTS `dataset`;
/*!40101 SET @saved_cs_client     = @@character_set_client */;
/*!40101 SET character_set_client = utf8 */;
CREATE TABLE `dataset` (
  `DataSetId` int(11) NOT NULL AUTO_INCREMENT,
  `DataSetName` varchar(45) NOT NULL,
  PRIMARY KEY (`DataSetId`),
  UNIQUE KEY `DataSetId_UNIQUE` (`DataSetId`),
  UNIQUE KEY `DataSetName_UNIQUE` (`DataSetName`)
) ENGINE=InnoDB AUTO_INCREMENT=4 DEFAULT CHARSET=utf8;
/*!40101 SET character_set_client = @saved_cs_client */;

--
-- Dumping data for table `dataset`
--

LOCK TABLES `dataset` WRITE;
/*!40000 ALTER TABLE `dataset` DISABLE KEYS */;
INSERT INTO `dataset` VALUES (3,'COMMON'),(2,'HSG'),(1,'V');
/*!40000 ALTER TABLE `dataset` ENABLE KEYS */;
UNLOCK TABLES;

--
-- Table structure for table `news`
--

DROP TABLE IF EXISTS `news`;
/*!40101 SET @saved_cs_client     = @@character_set_client */;
/*!40101 SET character_set_client = utf8 */;
CREATE TABLE `news` (
  `NewsId` int(11) NOT NULL AUTO_INCREMENT,
  `DataSetId` int(11) NOT NULL,
  `NewsDate` date DEFAULT NULL,
  `Actors` varchar(500) DEFAULT NULL,
  `SentimentId` int(11) NOT NULL,
  `TypeId` int(11) NOT NULL,
  `ValueId` int(11) NOT NULL,
  `FakeTruthMatchNewsId` int(11) DEFAULT NULL,
  `TopicId` int(11) NOT NULL,
  `Url` varchar(500) DEFAULT NULL,
  `NewsTitle` varchar(500) DEFAULT NULL,
  `NewsDetail` varchar(10000) DEFAULT NULL,
  PRIMARY KEY (`NewsId`),
  UNIQUE KEY `NewsId_UNIQUE` (`NewsId`),
  KEY `fk_datasetid` (`DataSetId`),
  KEY `fk_sentimentid` (`SentimentId`),
  KEY `fk_topicid` (`TopicId`),
  KEY `fk_typeid` (`TypeId`),
  KEY `fk_valueid` (`ValueId`),
  CONSTRAINT `fk_datasetid` FOREIGN KEY (`DataSetId`) REFERENCES `dataset` (`DataSetId`) ON DELETE NO ACTION ON UPDATE NO ACTION,
  CONSTRAINT `fk_sentimentid` FOREIGN KEY (`SentimentId`) REFERENCES `sentiment` (`SentimentId`) ON DELETE NO ACTION ON UPDATE NO ACTION,
  CONSTRAINT `fk_topicid` FOREIGN KEY (`TopicId`) REFERENCES `topic` (`TopicId`) ON DELETE NO ACTION ON UPDATE NO ACTION,
  CONSTRAINT `fk_typeid` FOREIGN KEY (`TypeId`) REFERENCES `type` (`TypeId`) ON DELETE NO ACTION ON UPDATE NO ACTION,
  CONSTRAINT `fk_valueid` FOREIGN KEY (`ValueId`) REFERENCES `value` (`ValueId`) ON DELETE NO ACTION ON UPDATE NO ACTION
) ENGINE=InnoDB AUTO_INCREMENT=58 DEFAULT CHARSET=utf8;
/*!40101 SET character_set_client = @saved_cs_client */;

--
-- Dumping data for table `news`
--

LOCK TABLES `news` WRITE;
/*!40000 ALTER TABLE `news` DISABLE KEYS */;
INSERT INTO `news` VALUES (1,1,'2017-12-04','Tokyo, \nUzakdoğu',2,5,2,3,4,'http://archive.is/itd85','Sonunda bu da oldu insan eti satan ilk restoran açıldı','Daha önce Uzakdoğu\'da, ceninlerin yendiğini duymuşsunuzdur. Zaten Asya insanlarının yedikleri şeylere akıl sır ermiş değil. Böcekler, sürüngenler, ceninler... Liste bu tür acayipliklerle uzamış giderken bunlardan birine yenisi eklendi. Yer; Japonya. Başkent Tokyo\'da yasal olarak ilk insan eti sunan restoran açıldı. Öte yandan yalan haber olduğu söylense de, iddialar çok kuvvetli. Japon yasalarına göre yasal bir şekilde, ruhsatlı falan açılmış restoran. Şimdiden dünyanın dört bir yanından turist çekiyorlarmış. Peki insan etini nereden buluyorlar? İddialara göre tamamen bağış yönetimiyle. Bazı insanların ölmeden önce ailelerine para bırakmak amacıyla etlerini sattıkları öğrenildi. 30.000 ila 35.000 dolar arasında bir fiyata satılıyor. Ancak tabi ki yaşlılar için değil bu satış işi. Sadece genç yaşta öleceği belli olan insanların sözleşmeyi imzalayabiliyor. Henüz bu restoranın varlığı bir iddia olarak kalsa da, gerçekliğini kanıtlayan deliller böyle kanibalizm örneğine nasıl bir hükümetin izin verebileceği tartışılıyor.'),(2,2,'2017-02-14','Galatasaray, \nİgor Tudor,\nKarabükspor',2,2,1,4,4,'https://www.ntv.com.tr/spor/galatasarayda-igor-tudor-donemi-igor-tudor-kimdir,8X6Ez17wZkSgB6oVe1Cydw','Galatasaray\'da Igor Tudor dönemi (Igor Tudor kimdir?)','Galatasaray, teknik direktör Igor Tudor ile 1.5 yıllığına anlaştı. Karabükspor Başkanı Tankut, \"Tudor, \'Yarın sabah Karabük\'ten ayrılacağım, Galatasaray ile anlaştım\' dedi\" ifadelerini kullandı. Karabük antrenmanını izleyen bir grup taraftar teknik direktör Igor Tudor\'a tepki gösterdi. Sarı-kırmızılı takım Kayserispor karşısında alınan 2-1\'lik mağlubiyet sonrası Jan Olde Riekerink\'in yerine Kardemir Karabükspor\'u çalıştıran Hırvat teknik direktör Igor Tudor ile 1.5 yıllığına anlaşmaya vardı. Kardemir Karabükspor Kulübü Başkanı Ferudun Tankut, teknik direktörleri Igor Tudor\'la ilgili, \"Tudor, futbol şube sorumlumuza \'Yarın sabah Karabük\'ten ayrılacağım, Galatasaray ile anlaştım\' dedi.\" ifadelerini kullandı.\nTankut, yaptığı açıklamada, Galatasaray\'la adı geçen Hırvat teknik adamın yarın Karabük\'ten ayrılacağını belirtti.\nTudor\'un bugün Kardemir Karabükspor\'un antrenmanında kulübün futbol şube sorumlusu Tolga Gül\'le konuştuğunu aktaran Tankut, \"Tudor, futbol şube sorumlumuza \'Yarın sabah Karabük\'ten ayrılacağım, Galatasaray ile anlaştım\' dedi. Takımımız yarın antrenmana alt yapı antrenörüyle çıkacak.\" şeklinde konuştu\n'),(3,1,'2017-12-04','Tokyo, \nUzakdoğu\n',3,6,1,1,4,'https://teyit.org/tokyo-da-insan-eti-satan-restoran-acildigi-iddiasi/','Tokyo’da insan eti satan restoran açıldığı iddiası','Sosyal medyada ve bazı internet sitelerinde, Japonya’nın başkenti Tokyo’da insan eti satan bir restoran açıldığı iddia edildi. Haberlerde, insanların bedenlerini bu restorana bırakmak karşılığında 30 bin avro alacakları bir anlaşmaya imza attıkları ve yemek fiyatlarının bin avroya kadar çıktığı da belirtildi. Restorana yemek olarak kabul edilmek için tek şartın genç olmak olduğu, ölümcül hastalığı olan genç hastaların bu anlaşmayı yaptığı yine metinde ifade edildi. Ancak Tokyo’daki bir restoranda insan eti satıldığı iddiası doğru değil. Haberin 12 Temmuz 2016’da satirik kurmaca haberler yapan La Voz Popular tarafından yayınlandığı görülebiliyor. La Voz Pupular’ın websitesindeki “hakkında” bölümü incelendiğinde sitede eğlence amaçlı  satirik haberler yayınlandığı, haberlerde ismi geçen kişi kurum ya da markaların hayal ürünü olduğu belirtiliyor.\nBenzer bir metnin 2016’da 1 Nisan şakası olarak da kullanıldığını görmek mümkün. Haber sitelerinde kullanılan ve derileri soyulmuş insan bedenlerine ait fotoğrafların ise Resident Evil 6 oyunu için Capcom firmasının Londra’da açtığı reklam amaçlı bir sergiden olduğu anlaşılabiliyor. Sergideki çalışmaların hayvan etlerinden imal edildiği de ayrıca belirtiliyor. \n'),(4,2,'2017-02-14','Galatasaray,  İgor Tudor, Karabükspor',1,1,2,2,4,'http://www.zaytung.com/haberdetay.asp?newsid=318638','Galatasaray, Fatih Terim Gelmeden Önce Kovulacak  Yeni Teknik Direktörünü Bağrına Bastı...','Jan Olde Riekerink’in görevine son verilmesinin ardından Fatih Terim gelene kadar kulübeye bakacak hoca arayışına giren Galatasaray mutlu sona ulaştı. Karabükspor’un teknik direktörü Igor Tudor ile anlaşan Sarı-Kırmızılılar, muhtemelen en geç sezon sonu kovulacak genç hocanın göreve başlamasını heyecanla bekliyor... 2013’te Fatih Terim’le yollarını ayırmasının ardından Terim\'in geri dönüşüne dek çok sayıda teknik direktörle çalışarak ülkede geçici istihdama önemli katkılarda bulunan Galatasaray, yeni hocasını açıkladı. Flaş transferi bugün kamuoyuna Başkan Dursun Özbek’in kulüpte tam olarak ne iş yaptığı bilinmeyen teyzeoğlu Muzaffer Özbek duyurdu. Karabükspor’un hocası Igor Tudor’la 1,5 yıllığına anlaştıklarını ilan eden Özbek, “Bakın buradan sayın 1,5 yılı. Nereye geliyor? 2018 Dünya Kupası işlerinin bitimine. Tam o sıralarda da Fatih Hocamız tatilini falan bitirmiş olur, kafası rahat olur. Ha imparatorumuz daha önce gelicem derse onu da bir maddeyle ekledik zaten” diyerek sözleşme detaylarını paylaştı. Muzaffer Özbek açıklamalarını şöyle sürdürdü: “Şimdi biliyorsunuz bu yeni hoca 1978 doğumlu. Daha önce Juventus gibi büyük bir kulüpte stoper oynamış. Bizim takımın stoper ihtiyacı da malumunuz. Semih’in yerine girse şu yaşta direk oynar. Dolayısıyla kendisine de söyledik, Fatih Hoca bir anda gelirse açta açıkta bırakmayız çekeriz seni stopere dedik. O da olumlu baktı sağolsun. Ülkemizi de tanıyan bir isim, direkt ‘Krampon varsa oynarım abi’ dedi. Böyle neşeli başladı her şey bakalım. İnşallah kovulurken de aynı neşesini sürdürür...”'),(5,2,'2017-05-06','Lucy Hellien,\nAlabama,\nDexter,\nDexter',2,5,2,6,4,'http://www.gazetevatan.com/bebek-elinde-dogum-kontrolu-icin-kullanilan-spiral-ile-dogdu-1064359-dunya/\n\n','Bebek elinde doğum kontrolü için kullanılan spiral ile doğdu.\n','ABD’nin Alabama eyaletinde doğan bir bebeğin elinde annesinin hamile kalmamak için taktırdığı doğum kontrol spirali ile doğduğu fotoğraf sosyal medya ve dünya basınını salladı. Daha önce iki bebek dünyaya getiren ve her doğumdan sonra da istenmeyen hamilelik yaşamamak için rahim içi spiral taktıran Lucy Hellein geçtiğimiz ağustos ayında bu işlemi yine tekrarlamak için doktora gitti. Doktorlar “Loto kazanmanız spiralle hamile kalmanızdan daha yüksek bir ihtimal” diyerek anne Hellein’e bu doğum kontrol aparatını taktı. Spiral taktırdığı için hamile kalmayacağını düşünen kadın aralık ayında 18 haftalık hamile olduğunu öğrendi. Bebeği doğurmaya karar veren Hellein, geçtiğimiz günlerde mucize bebek Dexter Tyler’ı kucağına aldı. Ancak Dexter’ın dünyaya geldiği anda çekilen fotoğrafı dünya çapında viral oldu. Çünkü küçük bebek, annesinin kendisine hamile kalmak için taktırdığı rahim içi spirali elinde sıkı sıkı tutuyordu. Dexter’in bu fotoğrafı birkaç saat içinde tam 72 bin kez paylaşıldı.'),(6,1,'2017-05-06','Lucy Hellien,\nAlabama,\nDexter,\nDexter',3,6,1,5,4,'https://teyit.org/abdde-bir-bebek-elinde-spiral-ipiyle-dogdu-iddiasi/','ABD’de bir bebek elinde spiral ipiyle doğdu iddiası','Bazı haber sitelerinde yer alan bir haberde doğum kontrolü için spiral taktıran kadının bebeğinin elinde spiralle dünyaya geldiği iddia edildi.\nABD’nin Alabama eyaletinde, bir bebeğin elinde annesinin hamile kalmamak için taktırdığı doğum kontrol spirali ile dünyaya geldiği iddiası, bebeğin fotoğrafı paylaşılarak, sosyal medyada viral hale geldi. Ancak iddia doğru değil. İddia ile birlikte paylaşılan fotoğrafta herhangi bir montaj bulunmasa da, spiral ipi bebek doğduktan sonra, hemşire tarafından bebeğe verilmiş. Fotoğraf 28 Nisan’da anne Lucy Hellein tarafından ilk olarak Facebook’ta paylaşılmıştı. (Hellein’in Facebook profiline şu an ulaşılamasa da Instagram hesabında fotoğrafı görmek mümkün.) Hellein, kullandığı Mirena marka doğum kontrol spiralinin bir işe yaramadığını şaka yollu bir dille paylaşarak (Mirena başarısız oldu!) ifadesini kullanmıştı. Anne Hellein, oğlunun elinde spiralle doğduğuna dair herhangi bir paylaşımda bulunmazken, fotoğraf sosyal medyada bebeğin elinde spiralle doğduğu iddiasıyla viral oldu. First Coast News’e konuşan Lucy Hellein, doktorların hamileliği sırasında spiralin yerini tespit edemedikleri için müdahale edemediklerini belirtti. '),(7,2,'2017-10-07','Türkiye A Milli Futbol Takımı,\nDünya Kupası, 2018',2,2,1,8,4,'http://www.bbc.com/turkce/spor-41533352 ','Türkiye 2018 Dünya Kupası\'na gidemeyecek','Türkiye A Milli Futbol Takımı, 2018 Dünya Kupası Elemeleri I Grubu\'ndaki 9. maçında İzlanda\'ya 3-0 mağlup olarak gruptan çıkma şansını kaybetti. Gruplarda birinci olan takım doğrudan şampiyonaya katılırken ikinciler de Rusya\'da düzenlenecek şampiyona için play off oynama hakkı kazanıyor.\nTürkiye\'nin son maçı 8 puanlı grup beşincisi Finlandiya ile. Türkiye\'nin bu karşılaşmayı kazanması durumunda puanını 17\'ye çıkarma ihtimali bulunsa da Hırvatistan ve Ukrayna\'nın son maçlarını birbirlerine karşı yapacak olması, Türkiye\'nin Rusya bileti almasını imkansız kılıyor. Bu iki takımdan biri, kazanması durumunda puanını 20\'ye yükseltecek. Maçın berabere bitmesi durumunda ise iki takım da 18 puana ulaşacak. Türkiye yalnızca 1954 ve 2002 yılında Dünya Kupası\'na katılmaya hak kazanmıştı. 1954\'te gruptan çıkamayan Türkiye 2002 yılında Güney Kore\'de düzenlenen turnuvada 3. olmayı başarmıştı.'),(8,2,'2017-10-07','Türkiye A Milli Futbol Takımı,\nDünya Kupası, 2018',1,1,2,7,4,'http://www.zaytung.com/haberdetay.asp?newsid=332642','Türkiye’nin Gurur Gecesi: Furkan Atmaca\nYönetimindeki A Milli Takımımız FIFA 18’de Adını Finale Yazdırdı…','Dünya Kupası’na veda eden,oynadığı oyun ve aldığı kötü sonuçlarla sürekli eleştirilen Türkiye A Milli Futbol Takımı\'nda yüzler FIFA 18’den gelen haberle güldü. Millilerimiz, Furkan Atmaca(13) yönetiminde çıktığı yarı final rövanş maçında İspanya’yı 2-0 yenerek adını finale yazdırdı.\nYozgat’ın Sorgun İlçesinde doğup,büyüyen, ilköğretim 8’nci sınıf öğrencisi Atmaca, İspanya galibiyeti sonrası Leman Ayan İlkokulu kantininde bir basın toplantısı düzenledi. Sözlerine, kendisine playstation alan dedesi Kazım Atmaca’ya ,eve internet bağlatan babası Niyazi Atmaca ve maçları Facebook\'dan canlı yayın yaparak binlerce kişiye ulaştıran ablası Nihan Atmaca’ya teşekkür ederek başlayan genç teknik adam, başarısının arkasında ekip çalışması olduğunu belirterek şöyle devam ettii: \"Evde A Milli takımımızın maçlarını izliyordum. Sürekli kötü futbol ve mağlubiyetler alınca kendi kendime söz verdim.Gerekirse elimi taşın altına koyup Türk futbolununun biraz daha ileri gidebilmesi için çabalayacaktım. Ve dediğimi de yaptım. Okuldan eve geldiğimde yeri geliyor ödevlerimi bile yapmadan milli takımımızın başına geçip zorlu mücadelelere çıkıyordum. Evet, bu süreçte derslerimden biraz fedakarlık ettim, belki Matematik ve Türkçe\'den de çaktım ama bu ülke için feda olsun. Nağmalüp şekilde takımımı finale çıkardım. İnşallah bu akşam finalde İzlanda’yı da yenip şampiyon olucaz…’’'),(9,1,'2017-11-08','Whatsapp,\nTwitter,\nFacebook',2,3,2,0,4,'Social Media Virals','Sosyal Medyadaki tüm verilerimiz depolanıyor ve izleniyoruz.','Biliyor muydunuz; Yarından itibaren tüm dünyada yeni iletişim kuralları yürürlüğe girecek. Tüm Avrupa, Kuzey Amerika ve Güney Amerika ülkelerinin hükümetleri WhatsApp, Twitter, Facebook ve diğer iletişim kanalları ile bu kanallar üzerinden yapılacak tüm konuşmaların kaydedilmesi konusunda bir anlaşmaya vardılar. Tüm telefon görüşmeleri ve WhatsApp üzerindeki tüm mesajlar ve aramalar kaydedilecek. Twitter denetlenecek. *BREZİLYA’DA YARGITAY DENETLEMEYE İZİN VERDİ* Facebook kontrol edilecek. Tüm medya ve sosyal forumlar izlenecek. Lütfen konu ile ilgili bilgisi olmayan kişileri bilgilendirin. Tüm cihazlar, Federal hükümetin ve dünyanın diğer ülkelerinin hükümetlerinin ilgili sistemleri ile bağlantılı olacaktır. BU HAREKET, ORGANİZE SUÇ VE TERÖRİZMİ TAKİP AMAÇLIDIR. Hükümetlere, yasalara ve ahlaka aykırı mesajlar veya gereksiz bilgiler göndermemeye özen gösterin. Önemli bilgileri paylaşmayın, arkadaşlarınıza ve ailenize karşı duyarlı olun. Çocuklarınızı bilgilendirin ve çok dikkatli olun. Bu mesajı bugün paylaşmanız çok önemlidir. Çünkü yarından başlayarak dünyadaki tüm ülkelerde bir başka izleme formatı var olacak. Şaşırtıcı ama gerçek. Bugün bu bilgiyi tüm sevdiklerinize ve arkadaşlarınıza gönderin. Yazdığınız ya da konuştuğunuz her şey aleyhinize kullanılabilir ve bu kesinlikle şaka değil! Acil olarak paylaşın! Ama bu sizi demokratik mücadeleden ve insani ilişkilerden vazgeçirmemeli! Teslim olunmamalı! ABD ve diğer emperyalistler dünyamıza asla hükümdar olmamalı! Buna insanlık olarak izin vermemeli ve direnmeliyiz. Dünyayı onların açık hava hapishanesine çevirttirmemeliyiz. İnsanlık onuru onların esiri olamaz.!'),(10,1,'2017-11-20','Henry Kissinger,\nABD,\nDünya Savaşı',3,6,1,11,2,'https://teyit.org/kissinger-in-3-dunya-savasi-cok-yakin-dedigi-iddiasi/','Kissinger yaptığı açıklamada “3.Dünya Savaşı çok yakın” dedi iddiası','Bazı haber sitelerinde ve sosyal medyada yer alan paylaşımlarda, ABD’li politikacı ve eski Dışişleri Bakanı Henry Kissinger’ın 3. Dünya Savaşı’nın çok yakında gerçekleşeceğini belirttiği ve Ortadoğu’daki yedi ülkenin stratejik önemleri nedeniyle ABD’nin olması gerektiğini söylediği iddia edildi. Ancak iddia doğru değil. İddia ilk olarak Daily Squib isimli hiciv içerikli haberler yapan sitede 2011 yılında, “Eğer savaş tamtamlarını duyamıyorsanız, sağır olmalısınız” başlığıyla yayınlandı. Daily Squib sitesinde kendisini şöyle tanımlıyor: “siyasi, son dakika haberler, komedi ve magazin başlıklarında hiciv içerikli haberler yapan bir gazete.”'),(11,1,'2017-11-20','Henry Kissinger,\nABD,\nRusya',2,4,2,10,2,'https://archive.is/gVQYj#selection-4747.1-4744.2','Kissinger: 3. Dünya Savaşı çok yakın','Manhattan’daki lüks dairesinden değerlendirmelerde bulunan 89 yaşındaki eski ABD’li politikacı, “Eğer savaş tamtamlarını duymuyorsanız sağırsınız demektir” sözleriyle 3. Dünya Savaşının yakın olduğunu söyledi. ABD’nin şu an Çin ve Rusya’yı kandırdığını söyleyen Kissinger, “Çin’in askerî gücünü artırmasına ve Rusya’nın da Sovyetler Birliği’nin dağılmasının ardından onlara sahte kabadayılık hissini verdik. Bu onlar için daha hızlı ölüm olacak. Yaklaşan savaş o kadar ağır olacak ki, sadece bir süper güç kazanacak ve bu bizim milletimiz olacak. Avrupa Birliği deneyin geleceğini bildiği için hızlı bir şekilde tek devlet olmak için acele ediyor. Onların bu acelesi bana bu çok büyük hesaplaşmayı bildiklerini gösteriyor” dedi.'),(12,2,'2017-09-18','Pepsi,\nHIV',2,3,2,13,1,'Social Media Virals','Pepsi çalışanı içeçeklere hastalık bulaştırmış.','Polisin haberleri var. Herkes için acil bir mesaj. Önümüzdeki birkaç gün içinde Pepsi’de pepsi, Tropikana suyu, dilim, 7up gibi herhangi bir ürün içmeyin. Şirketteki bir çalışan, kanını AIDS ile kirletti. MDTV’yi izleyin. Lütfen listenizdeki herkese iletin. TEKRARLAYIN: Metropolitan Polis’ten Büyük Britanya vatandaşlarına yönelik önemli mesaj. Önümüzdeki haftalarda Pepsi’de ürün içmeyin; bir şirket çalışanı kanını HIV (AIDS) bulaştırdı. Dün Sky News’de gösterildi. Lütfen bu mesajı, ilgilendiğiniz kişilere gönderin.\n\n'),(13,2,'2017-09-18','Pepsi,\nHIV,\nMetropolitan ',3,6,1,12,1,'https://teyit.org/pepsi-calisaninin-iceceklere-hiv-bulastirdigi-iddiasi/','Pepsi çalışanının içeceklere HIV bulaştırdığı iddiası','Sosyal medyada ve WhatsApp gruplarında yaygınlaşan bir mesajda, Pepsi şirketinde bir çalışanın, içeceklere HIV bulaştırdığı iddia edildi. Mesajda ayrıca, Metropolitan Polisi’nin İngiltere vatandaşlarını uyardığı, Pepsi ürünlerini içmemeleri gerektiğini belirttiği ve bunun Sky News’te yayınlandığı ifade edildi. Ancak iddia doğru değil. İddia, sosyal medyada 2011’den beri dolaşımda olan bir şehir efsanesi. Metropolitan Polisi’nin ise iddiada yer aldığı şekilde bir açıklama yaptığı iddiası doğru değil. Doğrulama sitesi Snopes da şehir efsanesi haline gelmiş bu iddiayı yalanladı. Bugüne kadar ortaya atılan iddiaya ilişkin, iddiaların gündeme geldiği İngiltere, Amerika, Hindistan gibi ülkelerde bu konuyu doğrulayan hiçbir resmi yetkili açıklaması bulunmadığını aktardı. 2013 yılında Hindistan’da dolaşıma giren benzer iddia üzerine Frooti şirketi bir açıklama yayınlamış ve bu durumu yalanlamıştı.'),(14,1,'2017-11-19','Türkiye,\nSOS,\n2018 Seyahat Riski Haritası',1,6,1,15,2,'https://teyit.org/international-sosa-gore-turkiyenin-en-tehlikeli-9uncu-ulke-oldugu-iddiasi/','International SOS’a göre Türkiye’nin en tehlikeli 9’uncu ülke olduğu iddiası','CNN Türk, Gri Hat, Haberdar gibi haber sitelerinde ve sosyal medyada yer alan paylaşımlarda, International SOS tarafından 2018 yılı için hazırlanan “seyahat riskli ülkeler” sıralamasında Türkiye’nin dokuzuncu sırada yer aldığı iddia edildi. Uluslararası çapta iş yapan şirketlere stratejilerini belirleme ve çalışanlarının seyahat konusunda hangi önlemleri alması gerektiği ile ilgili International SOS seyahat riski olan ülkelere dair seyahat riskini; düşük riskli, orta riskli, yüksek riskli ve aşırı riskli kategorileri altında inceleyen bir harita hazırlıyor. \nSeyahat riskini ele alırken ise ülkeleri sağlık, güvenlik ve yol güvenliği konu başlıklarına göre değerlendiriyor. 2018 Seyahat Riski Haritası’nda Türkiye’ye ait bilgilere bakıldığında, Türkiye’nin sağlık konu başlığında düşük riskli, güvenlik konu başlığında orta riskli, yol güvenliği konu başlığında ise düşük riskli olarak ifade edildiği görülüyor.'),(15,1,'2017-11-16','Türkiye',2,4,2,14,2,'https://www.cnnturk.com/dunya/dunyanin-en-tehlikeli-ulkeleri-aciklandi-turkiyenin-siralamasi-sasirtiyor','Dünyanın en tehlikeli ülkeleri açıklandı! Türkiye’nin sıralaması ise şaşırttı!','Dünyanın lider tıbbi ve seyahat güvenliği yardım şirketi International SOS, 2018’in “seyehat riski taşıyan” ülkelerini yayınladı. Terörizm, doğal afetler, trafik kazaları ve bulaşıcı hastalıklar gibi parametreler bir ülkenin güvenli olup olmadığını belirliyor. Bu parametreler bir araya toplanıp, istatistikleri oluşturulduğunda dünyanın en tehlikeleri ülkeleri ortaya çıkıyor. Ortaya çıkan listeye Türkiye ile birlikte birçok sürpriz de yer alıyor. Türkiye listede dokuzuncu sırada bulunuyor. İŞİD, PKK ve FETÖ gibi terör örgütlerinin direk hedefinde olan ülkemizde, terörizm, hem sivilleri hem de askerleri sıkça hedef alıyor. Hindistan, Libya, Somali, Yemen ve Pakistan terörizm listesinin ilk onunda yer alan diğer ülkeler.'),(16,2,'2017-06-30','Fenerbahçe,\nAtletizm,\nBasketbol',2,1,2,17,4,'http://www.zaytung.com/haberdetay.asp?newsid=328077','Fenerbahçe Spor Kulübü, Amatör Şubelerinden Futbolu Kapatma Kararı Aldı…','Atletizm ve Basketbol gibi branşlardaki başarılarıyla milyonları peşinden sürükleyen Fenerbahçe Spor Kulübü, aynı başarıyı yakalayamadığı amatör branşların kapısına kilit vurmaya hazırlanıyor. Bu doğrultuda ilk adım uzun zamandır kulübün sırtında kambur olan futbol şubesi için atılırken, yönetim tarafından yapılan açıklamada bu branşta faaliyet gösteren amatör sporcuların mağdur olmamaları için yeteneklerine uygun diğer şubelere kaydırılacakları açıklandı. Yıldırım, kapatılan şubede görev alan sporcuların kulüp içerisinde uygun durumdaki diğer şubelere kaydırılacağını da sözlerine ekleyerek bu konuda bir mağduriyet yaşanamaması için ellerinden geleni yapacaklarını ifade etti. Bu doğrultuda Van Persie, Hasan Ali Kaldırım, Volkan Demirel ve Ozan Tufan\'ın yarından itibaren Fenerbahçe kürek takımıyla birlikte çalışmalara başlayacağını belirten Yıldırım, \"Bu arkadaşlarımız yeni şubeye uyum aşamasında önümüzdeki 1 sene her gün en az 8 saat kürek çekecekler.\" sözleriyle geçiş süreci hakkında da bilgiler verdi. '),(17,2,'2017-06-30','Fenerbahçe,\nBasketbol',1,2,1,16,4,'http://spor.mynet.com/basketbol/spor-toto-tbl/111991-tarihi-imza-atildi-fenerbahcenin-adi-fenerbahce-dogus-oldu.html','Tarihi imza atıldı! Fenerbahçe\'nin adı \'Fenerbahçe Doğuş\' oldu','Fenerbahçe Kulübü ile Doğuş Grubu arasında, sarı-lacivertli erkek basketbol takımının sponsorluğunu kapsayan iş birliği anlaşması gerçekleştirildi. Ülker Sports Arena\'da gerçekleştirilen imza törenine, Fenerbahçe Kulübü Başkanı Aziz Yıldırım, Basın Sözcüsü ve Genel Sekreter Mahmut Uslu, Yönetim Kurulu Üyesi Ozan Balaban, erkek basketbol takımı başantrenörü Zeljko Obradovic ve Doğuş Holding Yönetim Kurulu Başkanı Ferit Şahenk katıldı. Yapılan anlaşmayla Fenerbahçe Erkek Basketbol Takımı, yeni dönemde Fenerbahçe Doğuş ismiyle mücadele edecek. Törende açıklamalarda bulunan Aziz Yıldırım, Türk sporunda önemli bir gün yaşadıklarını söyledi.\n\n\n'),(18,2,'2017-07-19','Türkiye,\nÇin,\nEndonezya',3,2,1,0,1,'https://teyit.org/cinde-plastik-pirinc-uretildigi-iddiasi/','Çin’de plastik pirinç üretildiği iddiası','Son yıllarda Türkiye’de de popüler olan plastik pirinç meselesi aslında dünyanın 2011’den beri gündeminde olan bir konu. Sabah ve Yeni Akit’in yaptığı haberlerde plastik ve patates püresi ile bazı kimyasalların karıştırılarak sahte pirinç elde edildiği belirtiliyor. Çinlilere atfedilen bu olayın birçok ülkeyi alarma geçirdiği de ifade ediliyor. Plastik pirinç iddialarının çıkış noktası 2011 yılında yayınlanan bir habere dayanıyor. Korece yayın yapan Weekly Hong Kong gazetesi, yayınladığı bir raporda, Çin’in Shaanxi bölgesinde patates ile plastiğin karıştırılarak sahte pirinç üretildiğini belirtti. Bunun üzerine dünyadaki çeşitli haber siteleri konuya ilgi gösterdi ve raporu haberleştirdi.\n2011’den beri çeşitli şekillerde dolaşımda olan iddia 2015 yılının Mayıs ayında Endonezya’da yayın yapan Harian Terbit isimli gazete tarafından tekrar gündeme getirildi. Gazete Çin’de plastik pirinç üretildiğini iddia eden bir yazı yayınladı. Ancak, gazete Endonezya’da plastik pirinç dolaşımının olduğuna dair bir belirtiye rastlanmadığını belirtirken okuyucuları konu hakkında dikkatli davranmaya çağırıyordu.'),(19,1,'2017-11-28','Whatsapp,\nRusya,\nRutenyum',3,2,1,20,3,'https://teyit.org/rusya-kaynakli-nukleer-sizinti-radyoaktif-bulutlarin-turkiyeden-gectigi-iddiasi/','Rusya kaynaklı nükleer sızıntı ve radyoaktif bulutların Türkiye’den geçtiği iddiası','İhbar olarak gelen ve WhatsApp gruplarında dolaşıma giren bir metinde Rusya’da bir nükleer sızıntı yaşandığı ve Eylül ayı sonunda atmosferde radyoaktif izotop Rutenyum-106’ya rastlandığı iddia edildi. Olay NTV, BirGün, Hürriyet ve Cumhuriyet gibi haber siteleri tarafından da haberleştirildi. Metinde sebebi anlaşılmayan sızıntının oluşturduğu radyoaktif bulutların Türkiye üzerinden Avrupa’ya geçtiği de belirtildi. \nRusya’da sebebi bilinmeyen nükleer bir sızıntı olduğu iddiası doğru ancak radyasyon yüklü bulutların Türkiye’den geçtiği iddiası belirsiz. Radyasyon yüklü bulutlar ilk olarak Eylül ayında İtalya, Avusturya ve Almanya’da tespit edilmiş ardından 9 Kasım’da Fransa Nükleer Güvenlik Enstitüsü (IRSN) tarafından da doğrulanmıştı. '),(20,1,'2017-11-27','Rutenyum,\nÇernobil,\nİstanbul\n',2,2,2,19,3,'http://www.cumhuriyet.com.tr/haber/turkiye/872910/Radyasyon_bulutlari_istanbul_un_uzerinden_gecti.html','Radyasyon bulutları İstanbul\'un üzerinden geçti','İnsan sağlığı açısından tehlikeli (Rutenyum-106) radyoaktif izotop maddesini içeren bulutlar kimsenin ruhu bile duymadan İstanbul ve Trakya bölgesi üzerinden geçerek Avrupa’ya ulaştıklarının haritası yayınlandı. 29 Eylül tarihinde ilk önce İtalya, Avusturya ve Almanya’da tespit edilen, ardından 6 Ekimde Fransa Nükleer Güvenlik Enstitüsü (IRSN) tarafından doğrulanan ve 1986 Çernobil faciasında olduğu gibi paniğe yol açan aşırı dozda radyasyonlu bulutların büyük olasılıkla Rusya kaynaklı oldukları tartışılmaya devam ediliyor. Hürriyet\'ten Nerdun Hacıoğlu\'nun haberi şöyle: Türkiye açısından işin vahim boyutu ise dün yeni ortaya çıktı. İnsan sağlığı açısından tehlikeli (Rutenyum-106) radyoaktif izotop maddesini içeren bulutlar kimsenin ruhu bile duymadan İstanbul ve Trakya bölgesi üzerinden geçerek Avrupa’ya ulaştıklarının haritası yayınlandı.\n'),(21,2,'2017-10-17','Coca Cola',1,4,2,0,4,'http://www.aytink.com/coca-cola-1-milyon-dolar/','Bu Formülü Bulana Coca Cola 1 Milyon Dolar Ödül Verecek!','Coca Cola firması şekerin yapısından ve zararlarından doğan zararları en aza indirmek için şeker yerine geçebilecek bir formül için kesenin ağzını epey açtı. Şekersiz aynı tatta kola formülü geliştirene Coca Cola 1 Milyon Dolar ödül verecek.Coca Cola geçtiğimiz günlerde bilim adamlarının katılacağı bir yarışma başlatarak şu ana kadar hiçbir içecek şirketinin başaramadığını gerçekleştirmek istiyor. Şirketin bilim adamlarından istediği ise bir bileşim yapmaları.İnsanların gelişen teknoloji ve haberleşme ağı sayesinde şekerin zararlarına karşı duyarlı olması bu yarışmanın açılmasındaki en büyük neden olarak gösteriliyor. Çünkü asitli içeceklerin tüketilme oranında son 15 yıl içerisinde %19 gerileme yaşandığı görülüyor.\nCoca-Cola Şirketi, geçtiğimiz hafta, hiçbir içecek şirketinin başaramadığı şeyleri yapmak için bilim adamları için açık meydan okumayı açıkladı: içeceklere karıştırıldığında şekerle aynı tadı veren doğal, güvenli, düşük veya kalorisiz bir bileşik bulunması. Yeni Formül stevia veya keşiş meyvesini içermeyen veya bunlardan türetilmeyen herhangi bir korunan tür veya madde olmayan bir formül olmak zorunda. Görev, aslında, 4,8 trilyon dolarlık ambalajlı gıda endüstrisinin karşılaştığı en büyük sorunlardan biri olan şeker sorunun çözülmesi.'),(22,1,'2017-05-24','ATM\n',3,6,1,23,4,'https://teyit.org/kart-sifresini-tersten-girince-atmnin-polis-cagirdigi-iddiasi/','Kart şifresini tersten girince ATM’nin polis çağırdığı iddiası','Sosyal medyada farklı pek çok hesap tarafından, “soyguncuların sizi ATM’den para çekmeye zorlaması durumunda şifrenizi tersten girerseniz ATM’nin polise haber verdiği” iddia edildi. Ancak, iddia doğru değil. İnternette sıkça dolaşan bu bilgi bir şehir efsanesi. İddia, 2012 yılında Milliyet’e haber olmuş, haberde, Akdeniz Üniversitesi Bilgisayar Topluluğu öğrencilerine siber güvenlik konferansı veren Bilişim Suçları Araştırmacısı Serkan Kurt’un iddianın gerçekliği olmayan bir pazarlama yöntemi olduğuna dair ifadeleri aktarılmıştı. Farklı ülkelerde de sosyal medyada yayılan bu iddiayı Snopes isimli doğrulama sitesi 2006 yılında yazdığı bir analizle yalanlamıştı. '),(23,1,'2017-05-24','ATM\n',2,5,2,22,4,'Social Media Virals','ATM\'de \'Ters Şifre\' Efsanesi',' ATM\'den para çekerken arkada şüpheli biri varsa, şifrenin ters girilmesi emniyet güçlerine sinyal gönderiyor mu? Son günlerde açığa çıkmış olan bilgi sanki doğru gibi. Sosyal medyada eğer bir gün ATM makinelerinden ir soyguncu tarafından para çekmeye zorlanırsanız; şifrenizi ters girmeniz halinde (1234 yerine 4321 gibi) makine parayı veriyor ama bu sırada poliste çağırıyor… Mutlaka sevdiklerinizle paylaşın... söylentileri dolanıyor.'),(24,1,'2017-11-07','Haliç,\nJaponlar',1,5,2,25,4,'Social Media Virals','Haliç\'in dibi altın kaynıyor','Her ülkede yeraltı hazinelerine dair şehir efsaneleri vardır.\nBizdeki şehir efsanesi de şu şekilde: ”Haliç’in dibi altın doluymuş; Japonlar, ‘Haliç’i temizleriz, ama çıkan ne var ne yok bizim olur’ demişler.” Efsaneye göre, dönemin İstanbul Büyükşehir Belediye Başkanı Bedrettin Dalan, Japonlara Haliç’i temizletmek istemiş, Japonlar temizlemek karşılığında Haliç’in dibinde çıkacak her şeye talip olmuşlar. Hal böyle olunca da, proje askıya alınmış. Bunun sebebi ise, Bizanslıların İstanbul’un fethi sırasında, altınlarının Türklerin eline geçmesindense, denize atmalarıymış.\n\n'),(25,1,'2017-11-07','Haliç,\nRecep Tayyip Erdoğan',3,6,1,24,4,'https://dogrula.org/halicin-dibinin-altin-dolu-oldugu-iddiasi/','Haliç\'in dibi altın dolu olduğu iddiası','Haliç’in temizlik süreci, Cumhurbaşkanı Recep Tayyip Erdoğan‘ın İstanbul Büyükşehir Belediye Başkanlığı döneminde “Haliç Çevre Koruma Projesi” ismiyle yeniden başlatılmıştır. 1997’de yapılan ihale ile Haliç temizliğini Amerikan Türk ortak yapımı bir şirket almış, temizlik sonucunda ilk etapta tarama yapılmış ve 5 milyon metreküplük çamur, döşenen dev borularla Alibeyköy’deki eski taş ocaklarına pompalanmıştır. 1997’de başlayan bu çalışma 1999’da tamamlanmıştır. Bu süreçte altına rastlanmamıştır. Tünelin her noktasını inceleyen polis ekipleri definecilerin bulduğu iddia edilen 50 ton altının izine rastlayamamıştır.\n'),(26,1,'2017-01-19','teyit.org,\nTMMOB,\nÇMO\n',3,6,1,27,4,'https://teyit.org/tmmobun-bor-madenleriyle-ilgili-toplu-mesaj-gonderdigi-iddiasi/','TMMOB’un bor madenleriyle ilgili toplu mesaj gönderdiği iddiası','teyit.org\' a gelen bir ihbarda, Türk Mühendis ve Mimar Odaları Birliği (TMMOB) Çevre Mühendisleri Odası’ndan (ÇMO) Türkiye’deki bor madenlerinin işletilmediği,  Kanal İstanbul projesi ile Trakya’nın alınacağı ve Etibank’ın özelleştirilmesi ile ilgili iddiaların yer aldığı toplu mesaj yollandığı iddia edildi. Ancak ÇMO ile bir ilgisi bulunmayan bu mesajlar farklı yıllarda toplu olarak internet kullanıcılarına e-posta veya kısa mesaj ile gönderilmiş ve tekrar gündeme gelmişti. 2007 tarihinde de gündeme gelen bu mesajlarla ilgili ÇMO İstanbul Şube, odaTV’ye kendilerinin böyle bir mesaj göndermediğini, kimin gönderdiğine dair de bir fikirleri olmadığı yönünde açıklama yaptı. '),(27,1,'2017-01-19','Bor Madeni',2,3,2,26,4,'Social Media Virals','Türkiye bor kaynıyor, ama dış güçler bunun çıkartılmasını engelliyor.','“Çok önemli….OKUYUN ve OKUTUN… ASIL DEGERi 9 (DOKUZ) TRiLYON DOLAR. DiKKAT  9 MiLYAR VEYA  9 MiLYON DEGiL …  9 TRiLYON DOLAR… ABD, SADECE 40 KIRK MiLYON DOLARA KAPATACAK… ALTI USTU, BiR MAiL GONDERMEKLE BU iS OLMAZ DiYE DUSUNMEYiN… LUTFEN, VATANINI SEVEN HERKESE GONDERiN… HEPiNiZiN BiLDiGi GiBi ETiBANK OZELLESTiRiLECEK .. (VE ALICISI AMERIKA:-) VE… BOR iSLETMELERi ETiBANK BUNYESiNDE…    KONULAN FiYAT; 40 MİLYON $…   LUTFEN BiR DAHA OKUYUN… VE LUTFEN HERKESE iLETiN… YASADIGINIZ DUNYAYI SORGULAYAMIYORSANIZ, BARi ULKENiZİ SORGULAYINIZ….. Önemli !!!!!!!!!!!.. Borla calisan araba uretildi, Turkiye kiskacta. Arabayi BOR madeniyle calistiracak patentli 600 proje oldugu ortaya cikti… Turkiye, dunya rezervinin yuzde 70`ine sahip… Ve uluslararasi teroristler, Turkiye uyanmadan bu kaynagi ele gecirmeyi planliyor…   Bu maili çoklu yollayarak en azindan bir toplum bilinci olusmasina yardim edelim…   Ya da hemen(!) silelim..   '),(28,2,'2017-08-02','Mircea Lucescu,\nTürkiye',2,1,2,29,4,'http://www.zaytung.com/haberdetay.asp?newsid=326747','Kamuoyu, Her Yıl En Az Bir Türk Takımına Transfer Olan Lucescu\'nun 2004\'ten Beri Türkiye\'de Olmadığını Fark Etmenin Şokunu Yaşıyor...','Türkiye Futbol Federasyonu\'nun akşam saatlerinde A Milli Takım teknik direktörlüğü için Mircea Lucescu\'yla anlaşıldığını duyurmasıyla birlikte Romen teknik adamın 13 yıldır Türkiye\'de olmadığını fark eden kamuoyunda şaşkınlık sürüyor. Bir çok kişi Lucescu\'nun en fazla 1-2 senedir bir Türk takımını çalıştırmadığından emin olduklarını iddia ederken, ismi 13 yıldır spor sayfalarından düşmeyen teknik adamın Türkiye\'den hiçbir zaman ayrılmadığını düşünenlerin sayısı da bir hayli fazla. Konuyla ilgili olarak konuşan Hürriyet gazetesi spor sayfası editörü Sinan Olcanlı, \"Akşam işte haber geldi Lucescu tamam diye. Biz de haberi girerken adettendir diye yanında bir de Mircea Lucescu kimdir sayfası yapalım dedik. Kaç yaşında, hangi takımları çalıştırmış falan incelerken o ara farkettim durumu. En son 2004\'te Beşiktaş\'ı çalıştırmış bizde. Yanlışlık var heralde diye 3-4 farklı kaynaktan kontrol ettim ama yok, hepsi aynı şeyi söylüyor. Gerçekten inanamıyorum...\" dedi.'),(29,2,'2017-08-02','Mircea Lucescu,\nTürkiye',1,2,1,28,4,'http://kariyer.milliyet.com.tr/mircea-lucescu/kariyer/detay/2479114/default.htm','Mircea Lucescu´nun muhteşem kariyeri','Kariyeri başarılarla dolu teknik direktör ´Mircea Lucescu´ neredeyse gittiği her takıma ya kupa kazandırdı yada o takımları Şampiyonlar Ligi ve UEFA Avrupa Ligleri´nde önemli yerlere taşıdı. ´Mircea Lucescu´ Türkiye\'de Galatasaray ve Beşiktaş takımlarına şampiyonluk yaşatmış ve kupalar kazandırmıştı. İşte efsane Kupa Avcısı ´Mircea Lucescu´nun teknik direktörlük yaptığı takımlar ve kazandığı birçok kupa var.'),(30,2,'2017-12-05','Macaristan ',2,1,2,31,2,'http://www.zaytung.com/sondakikadetay.asp?newsid=333560','Son Dakika!','Macaristan\'a iltica eden 11 folklörcüye en sert tepki, Hükümet adına Mahmut Tuncer\'den geldi: \'\'Bunlar halayci kılığına girmiş teröristlerdir...\'\''),(31,2,'2017-12-05','Macaristan,\nAnkara ',2,2,1,30,2,'https://www.cnnturk.com/turkiye/halk-oyunlari-ekibi-macaristana-iltica-etti','Halk oyunları ekibi Macaristan\'a iltica etti','Ankara Kent Çocuk ve Gençlik Halk Dansları Topluluğu Derneği kafilesi Kasım ayında Macaristan\'da yapılan bir organizasyona katıldı. Ancak yaş ortalaması 20\'nin üzerinde olan ve yeni lisans çıkardıkları öğrenilen 16 kişilik kafileden 11 kişinin Macaristan\'a iltica ettikleri ortaya çıktı. Ankara Cumhuriyet Bassavcılığı konuyla ilgili soruşturma başlattı.'),(32,1,'2017-09-20','THY',3,6,1,33,3,'https://teyit.org/ucakta-dogan-bebeklerin-egitim-vatandaslik-haklarina-dair-iddialar/','Uçakta doğan bebeklerin eğitim ve vatandaşlık haklarına dair iddialar','Sosyal medyada dolaşıma giren paylaşımlarda Türk Hava Yolları (THY) uçağında doğan bir bebeğin yaşamı boyunca eğitim, öğretim ücretlerinin THY tarafından karşılandığı ve THY’nin bebeğe ömür boyu ücretsiz seyahat hakkı verdiği iddia edildi. Ayrıca uçakta doğan bebeklerin dünya vatandaşı sayıldığı ve tüm ülkelere vizesiz girebildiği de iddiada yer aldı. THY’nin uçakta doğan bebeğin eğitim masraflarını karşıladığı ve ömür boyu ücretsiz seyahat hakkı tanıdığı iddiaları doğru değil. Google’da, Türkiye’nin üyeleri arasında yer aldığı Uluslararası Sivil Havacılık Örgütü’nün (ICAO) websitesi özelinde uçakta doğumla ilgili bir arama yapıldığında çıkan sonuçlarda, kabin içi personelinin eğitimi ile ilgili bazı belgeleri bulmak mümkün. '),(33,1,'2017-09-08','THY',1,4,2,32,3,'https://twitter.com/bilim_adami/status/906241396297912325','Uçakta dünyaya gelmediğimiz için nasıl bir suçumuzun olduğunu araştıryoruz','Uçakta doğan bir bebek dünya vatandaşı sayılır. Bütün ülkelere vizesiz girebilir. Uçak THY\'YE ait ise, o bebeğin tüm yaşamı boyunca eğitim, öğretim masraflarının tamamı THY tarafından karşılanmaktadır. Ayrıca uçakta doğan bebeğe ömür boyu ücretsiz seyahat hakkı verilir.'),(34,2,'2017-12-05','200 Türk Lirası',3,2,1,0,3,'https://dogrula.org/200-tlnin-arkasinda-sevelim-sevilelim-yaziyor-iddiasi/','200 TL’nin Arkasında Sevelim Sevilelim Yazıyor İddiası','200 Türk Lirasının arkasında, gözden kaçırdığımız ya da okumadan geçtiğimiz bir yazının olduğu son dönemlerde gündemdedir. Banknotun arka kısmında “Sevelim Sevilelim” yazdığı iddiası doğrudur. 13. yüzyılda Anadolu’da yaşayan ve Türk şiirinin öncüsü olan Yunus Emre’nin bir dizesine, 200 TL’lik banknotun arkasında yer verilmiştir. Ön yüzünde Atatürk‘ün, arka yüzünde ise Yunus Emre‘nin bulunduğu banknot, Nisan 2013’te dolaşıma çıkmıştır.\n'),(35,2,'2017-12-04','Japonya',3,2,1,0,3,'https://dogrula.org/20-saniye-erken-kalkan-tren-icin-ozur-iddiasi/','20 Saniye erken kalkan tren için özür iddiası','Japonya’da vaktinden 20 saniye erken hareket eden tren sebebiyle, tren firmasının yolcularından özür dilediği iddia edildi. Japon firmasının trenin 20 saniye erken kalkmış olması sebebiyle özür dilediği iddiası doğrudur.\n14 Kasım sabahı Metropolitan Intercity Railway Company (Büyükşehir Şehirlerarası Demiryolu Şirketi) bünyesindeki Tsukuba Express hattına ait 5255 kodlu tren, Minami-Nagareyama durağına saat 09:43:40’ta ulaşmıştır. Trenin bu duraktan saat 09:44:40‘ta tekrar kalkması gerekirken tren, saat 09:44:20‘de yani planlanan zamandan 20 saniye erken hareket etmiştir. Tren personeli hatayı üstlenmiş ve zaman çizelgesi yeterince kontrol edilmeden kapıların kapatıldığını bildirmiştir.'),(36,1,'2017-06-06','Whatsapp,\nCorro,\nMERS-Cov',3,6,1,37,3,'https://teyit.org/hurmalardaki-virus-ve-suudi-arabistan-saglik-bakanliginin-uyarisi/','Hurmalardaki corro virüsü ve Suudi Arabistan Sağlık Bakanlığı’nın uyarısı','Özellikle WhatsApp gruplarında yaygınlaşan bir iddiada, Suudi Arabistan Sağlık Bakanlığı tarafından bir uyarı yayınlandığı, bu uyarıda hurma ağaçlarında çok sayıda yarasa olduğu ve bu yarasaların Corro virüsü taşıdığı belirtildi. Sosyal medyada paylaşılan bu iddiada hurmaların yenmeden önce iyice yıkanması gerektiği de ifade edildi. Ancak iddia doğru değil. İddiada belirtildiği gibi “Corro” isminde herhangi bir virüs bulunmuyor. “Corona” virüsünün kastedildiği düşünüldüğünde de, Suudi Arabistan Sağlık Bakanlığı’nın konu hakkında bir açıklaması bulunmuyor. Ayrıca corona virüsünün sebep olduğu MERS-CoV enfeksiyonu Suudi Arabistan’da geçtiğimiz yıllarda sıkça görülse de, bu enfeksiyonun develerden insanlara solunum yoluyla geçtiği ifade ediliyor.'),(37,1,'2017-06-06','Hurma,\nCorro',2,3,2,36,3,'Social Media Virals','Hurmalar tehlike saçıyor','Dikkat Dikkat !!! Suudi Sağlık Bakanlığı BİR UYARI YAYINLADI. Yemeden önce lütfen hurmaları iyice yıkayın. Çünkü bu sezon hurma ağaçlarında çok sayıda yarasa var ve yarasalar Corro virüsünü taşıyorlar. Lütfen paylaşın !!! Ramzan ayında Hurma tüketimi aşırı artıyor. İnsanlara duyuralım...'),(38,1,'2017-11-21','Whatsapp,\nHacettepe',3,2,1,39,1,'https://teyit.org/sut-sut-urunlerinde-solitin-isimli-olumcul-bir-kimyasal-bulundugu-iddiasi/','Süt ve süt ürünlerinde Solitin isimli ölümcül bir kimyasal bulunduğu iddiası','Sosyal medyada ve WhatsApp gruplarında dolaşıma giren bir metinde, süt ve süt ürünleri üretimi yapan şirketlerin maliyetleri düşürmek için zararlı Solitin maddesini kullandıkları iddia edildi. Hacettepe Üniversitesi Biyokimya Bölümü’nden Yrd. Doç. Dr. Gülden Semavi imzasıyla yayılan metinde Solitin isimli kimyasal bileşiğin insan sağlığı üzerindeki olumsuz etkilerinin sıralandığı görülebiliyor. Ancak 2011 yılından beri internette dolaşan ve Yrd. Doç. Dr. Gülden Semavi imzasıyla paylaşılan metindeki iddialar gerçeği yansıtmıyor. Metinde bahsi geçen Hacettepe Üniversitesi Tıbbi Biyokimya Bölümü çalışanlarına bakıldığında metindeki Gülden Semavi ve Gönül Özdeğer isimlerine rastlanmıyor.'),(39,1,'2017-11-28','Solitin,\nGönül Özdeğer',2,3,2,38,1,'Social Media Virals','Arkadaşlar, bu yazıyı dikkatle okumanızı öneririm.','“*Ankara Hıfsızsıhha Gıda Denetim Bölüm Başkan Yrd. Gönül Özdeğer ve iki asistanı SOLİTİN adlı kimyasal ile ilgili çalışmaları ve yayınlarından dolayı ölüm tehditleri aldıklarını açıkladılar ve savcılığa suç duyurusunda bulundular. *Çocuklarınıza beş kuruşa, yirmi kuruşa, elli kuruşa gofret, çikolata ve süt ürünleri alabilmemiz, evlerimize çeşit çeşit peynir, yoğurt, hazır sütlü tatlı vs. girebilmesi hep bu yüzden. Çevrenize baktığınızda ne kadar çok dializ merkezi ve böbrek hastası olduğunu siz de görüyorsunuz. Bu artışın sebebi bazı ahlaksız firmaların kar hırsından başka bir şey değil. !'),(40,2,'2017-12-05','İstanbul,\nMeteoroloji',3,2,1,41,3,'http://www.hurriyet.com.tr/istanbullular-dikkat-kar-kureme-araclari-ana-yollara-indi-40668863','İstanbullular dikkat! Kar küreme araçları ana yollara indi','İstanbul\'da meteoroloji tarafından yapılan kar yağışı uyarıları belediye ekiplerini de harekete geçirdi. Belediye ekipleri ana yollara kar küreme ve tuzlama araçları yerleştirildi. Meteoroloji tarafından İstanbul için yapılan kar yağışı uyarıları nedeniyle belediye ekipleri de önlemlerini arttırdı.\nİstanbul Büyükşehir Belediyesi\'ne bağlı ekipler de ana yollarda oluşabilecek olumsuzluklara karşın kar küreme ve tuzlama araçları yerleştirdi.'),(41,2,'2017-12-05','İstanbullular',2,1,2,40,3,'http://www.zaytung.com/sondakikadetay.asp?newsid=333591','Son Dakika!','\'İstanbullular dikkat! Kar küreme araçları ana yollara indi diye manşet atan hürriyet.com.tr kışın köylere kurt inmesinden daha beterinin ne olduğu sorusuna açıklık getirdi…'),(42,2,'2017-12-05','Galatasaray,\nDursun Özbek',2,1,2,0,4,'http://www.zaytung.com/haberdetay.asp?newsid=327620','Galatasaray Camiası, Dursun Özbek Konusunda Kararsız: Kulübü Bilerek mi Batırmaya Çalışıyor Yoksa Dümdüz Beceriksiz mi?','Son olarak Riva arazisinin satışı için yapılan ihaleyi kazanan firmanın çekilmesiyle kulübün 180 milyon TL kadar zarar etmesinin ardından Galatasaray camiasında Başkan Dursun Özbek\'le ilgili tartışmalar tekrar alevlendi. Özbek konusunda ikiye bölünen camianın bir kısmı Başkan\'ın bir plan dahilinde bilerek takımı batırmaya çalıştığı görüşünü savunurken, daha iyi niyetli düşünmeye çalışan taraftarlar ise Özbek\'in sade, dümdüz beceriksiz olduğu görüşünde. \nÖzbek\'le ilgili komplo teorilerine yakın duran grup, \"aslında rakip takımlardan birinin adamı\" olmasından başlayarak \"önce takımın değerini düşürüp daha sonra da Araplar\'a satılmasıya ilgili bir planın parçası\" olmasına kadar farklı senaryoları dile getirirken, ortak düşünce ise \"Koca Galatasaray camiasının içinden başkan olarak böyle biri çıkamaz. İşin içinde başka bir iş olması lazım\" şeklinde. '),(43,2,'2017-12-05','İstanbullular',1,1,2,0,3,'http://www.zaytung.com/haberdetay.asp?newsid=329176','Kadıköy Belediyesi\'nden İstanbullulara Dev Hizmet: Hafta Sonu Moda Sahili Dışında Gidilebilecek Alternatif Yerler Tanıtım Günleri Başlıyor','Hafta sonları İstanbulluların akınına uğrayan Moda sahili üzerindeki yükü hafifletmek için harekete geçen Kadıköy Belediyesi, şehirdeki alternatif güzergahları tanıtmayı amaçlayan bir dizi etkinlik düzenleme kararı aldı. Kadıköy Belediyesi tarafından düzenlenecek tanıtım etkinliğiyle ilgili olarak konuşan Belediye Kültür ve Sosyal İşler Müdürü Orhan Durusul \"Biz de pek bilmiyoruz ama bakıyoruz işte. Koskoca şehir, illa vardır gidilecek bir yerler. Olması lazım yani\" sözleriyle şu an henüz araştırma safhasında olduklarını ifade etti.'),(44,2,'2017-12-05','Türkiye,\nSigmar Gabriel,\nAlman',2,4,2,45,2,'http://www.zaytung.com/haberdetay.asp?newsid=328975','Türkiye\'ye Silah Satışını Durdurma Kararı Fazla Ses Getirmeyen Almanya, Eli Yükseltiyor: Zırhlı Mercedes Ambargosu Gündemde...','İki ülke arasındaki gerginlik nedeniyle son olarak Türkiye\'ye yönelik silah satışını durdurma kararı alan Almanya, bu hamleye Türkiye\'den kayda değer bir tepki gelmemesi nedeniyle yaptırımların dozunu artırma yoluna gidiyor. Akşam saatlerinde basına bir açıklama yapan Dışişleri Bakanı Sigmar Gabriel, \"İşler bu noktaya gelsin istemezdik ama başka seçeneğimiz de kalmamış gibi görünüyor. Bu kez bazı canlar yanacak\" sözleriyle Türkiye\'ye yönelik Zırhlı Mercedes satışının durdurulmasının gündemde olduğunu ifade etti.\nTürkiye\'ye yönelik seyahat uyarısı, AB müzakarelerinin durdurulmasının ve Gümrük Birliği anlaşmasının iptalinin gündeme alınması ve son olarak silah satışının durdurulması gibi kararların birer uyarı atışı olduğunu belirten Alman Dışişleri Bakanı, ikili ilişkilerde gelinen noktayı şu sözlerle aktardı:\n\"Aklı başında Alman vatandaşları zaten bir süredir turizm için Türkiye\'yi tercih etmiyorlardı. Aklı başında Türkler bile turist olarak Türkiye\'yi tercih etmiyor zaten. O yüzden seyahat uyarısı çok etkili olmadı.\"\n'),(45,2,'2017-09-12','Almanya Başbakanı,\nNATO,\nTürkiye',3,2,1,44,2,'https://www.ntv.com.tr/dunya/merkelden-turkiyeye-silah-ambargosu-aciklamasi,tx6t2j466kmB8NE6IQNTQg','Merkel\'den Türkiye\'ye \"silah ambargosu\" açıklaması','Almanya Başbakanı Angela Merkel, NATO üyesi Türkiye\'ye topyekun bir silah ambargosuna karşı olduğunu söyledi. Almanya Başbakanı Angela Merkel 24 Eylül\'deki genel seçimler öncesi Alman devlet televizyonu NDR\'e konuştu. Almanya Başbakanı Merkel, NATO üyesi Türkiye\'ye topyekun bir silah ambargosuna karşı olduğunu belirtti. Almanya\'nın güvenlik konusunda Türkiye ile birlikte çalışmasının zorunlu olduğunu vurgulayan Başbakan Merkel, \"DAEŞ\'e ve İslamcı teröre karşı savaşta birlikte mücadele ediyoruz\" açıklamasında bulundu. Merkel, Almanya\'nın Türkiye\'ye silah satışını vaka bazında inceleme yaparak karar vereceğini de belirtti.'),(46,1,'2017-11-01','Facebook Messenger',3,6,1,47,4,'https://teyit.org/facebook-messengerin-10-yil-mesaji-paylasilarak-7-gb-kazanilabildigi-iddiasi/','Facebook Messenger’ın 10. yıl mesajı paylaşılarak 7 GB kazanılabildiği iddiası','Sosyal medyada dolaşıma giren bir mesajda, “Messanger” olarak belirtilen Facebook Messenger’in 10. yılını kutlaması dolayısıyla söz konusu mesajın 25 kişiye gönderilmesi durumunda 7 GB internet hakkına sahip olunacağı iddia edildi. Bu iddia özellikle Facebook’ta birçok kullanıcı tarafından paylaşıldı. Ancak, Facebook Messenger’in 10. yılı dolayısıyla bu mesajın 25 kişiye gönderilmesi durumunda 7 GB internet kazanılacağı iddiası doğru değil.  “Messanger” ifadesi ile kastedilen ve Facebook tarafından kullanıcılar arasındaki mesajlaşma için geliştirilen Facebook Messenger’ın kuruluş tarihi 9 Ağustos 2011. Yani Messenger’in 10. yaşı 2021 tarihine denk geliyor.'),(47,1,'2017-11-01','Messanger ',1,4,2,46,4,'Social Media Virals','Facebook Messenger’ın 10. yılını kutluyor.','Messanger 10. yılını kutluyor! Eğer bugün bu mesajı 25 kişiye gönderirseniz, aylık 7GB internet hakkınız olacaktır. 25 kişide bu buton yeşile dönüşecektir.'),(48,2,'2017-12-07','Türkiye Estetik Cerrahlar Derneği,\n2017,Sinan Odaçayı',1,1,2,0,3,'http://www.zaytung.com/haberdetay.asp?newsid=333644','2017 \"Burun Estetiği Raporu\" yayınlandı: Yine herkes nefes alamadığı için yaptırmış...','Türkiye Estetik Cerrahlar Derneği\'nin yayınladığı 2017 raporuna göre burun estetiği yaptıranların sayısındaki yükseliş trendi bu yıl da sürerken, operasyonların temel nedeninde ise herhangi bir değişiklik yok. Rapora göre, burun ameliyatlarının neredeyse tamamı nefes alma problemi nedeniyle gerçekleşirken, bunu deviasyon, burunda et olması ve spor yaparken yaşanan kazalar sonucu yamulmalar gibi nedenler takip ediyor. \"Beğenmiyordum, daha güzel görünmek için yaptırdım\" diyenlerin oranı ise geçtiğimiz yıllarda olduğu gibi bu yıl da %1\'in altında, onların da tamamı ucuz olduğu için Türkiye\'de ameliyat olan yabancılar... \"Anlıyoruz ama ses etmiyoruz\" Raporu kamuoyuyla paylaşan Türkiye Estetik Cerrahlar Derneği Genel Başkanı Operatör Doktor Sinan Odaçayı, geride bırakmaya hazırlandığımız 2017 yılında Türkiye\'de toplam 70 Bin\'in üzerinde burun estetiği operasyonu gerçekleştirildiğini belirtti.\nHastaların nerdeyse tamamının \'burnumdan nefes alamıyorum, et mi var bi şey var\' şikayetiyle geldiğini belirten Odaçayı, \"Sonra da daha cümleleri bitmeden \'ya hazır bakmışken şu ucunu da biraz kaldırsak, üstteki kemeri de yok etsek iyi olur aslında di mi?\' diye devam ediyorlar. Anlıyoruz tabii durumu ama tabii tabii hallederiz diyip diye idare ediyoruz. Neticede biz de ekmeğimizin peşindeyiz, durduk yere gerilmeye gerek yok müşteriyle\" sözleriyle estetik cerrahi dünyasında yaşanan gelişmeleri aktardı.'),(49,2,'2017-09-25','İstanbul Büyükşehir Belediyesi,Kadir Topbaş',1,2,1,50,2,'https://tr.sputniknews.com/turkiye/201709251030299338-topbas-ibb-istifa-veda/','Topbaş\'tan İstanbullulara: Beni gönlünüzden çıkarmayın','İstanbul Büyükşehir Belediyesi Başkanlığı\'ndan istifa eden Kadir Topbaş, \"Vatandaşımızın bize olan sevgisinin derin olduğunu görmem ayrıca mutlu etti. İnsanların gönlünde yer tutmak önemli. Beni gönüllerinden çıkartmasınlar\" dedi. Eski İstanbul Büyükşehir Belediye Başkanı Topbaş, İstanbul Büyükşehir Belediyesi personeli ile vedalaştı.  İstanbul Büyükşehir Belediyesi\'ndeki veda sırasında kısa bir açıklama yapan Topbaş, \"Yapılan işler ortada. Vatandaş hep takdir ettiği için 3 dönem başkanlığım var. Yeni arkadaşımız gelecek başarılar diliyorum. Deneyim ve bilgimi her daim kendileri ile paylaşırım isterlerse. Şehir, yarınlar bizim. \'Her gelecek yakındır\' böyle bir Atasözü var.  Gelecektir mutlaka. Bu dönem de bitecekti süreli zaten. Zaman dilimi içinde görevlendiriliyoruz\" diye konuştu. '),(50,2,'2017-11-01','İBB, İstanbul Büyükşehir Belediyesi, Kadir Topbaş',2,1,2,49,2,'http://www.zaytung.com/haberdetay.asp?newsid=329524','İBB\'den Kadir Topbaş\'a Anlamlı Veda: Bir Sonraki Yağışta Sular Altında Kalacak İlk Alt Geçide İsmi Verilecek','İstanbul Büyükşehir Belediyesi, bu akşam düzenlediği basın toplantısıyla görevinden istifa ettiğini açıklayan 13 yıllık başkanı Kadir Topbaş\'a anlamlı bir jestle veda etmeye hazırlanıyor. İstifa açıklamasının ardından toplanan İBB Meclisi, \"Kadir Topbaş\" adının bir sonraki yağışta sular altında kalacak ilk alt geçide verilmesi yönünde karar aldı. \nKararı açıklamak üzere mikrofonların başına geçen İBB Meclisi üyesi AK Partili İsmail Alabunlar, Topbaş\'ın istifası sırasında sarf ettiği \"İnsanlar çok şeyi affeder adam yerine konmamayı affetmez.\" sözleri üzerine acil olarak toplandıklarını belirtti. \"Kime dedi? Bize mi dedi? Acaba Kadir Başkan\'a karşı bir yanlışımız mı oldu diye kendimizi sorguladığımız bir toplantı oldu. Şu 5 tane imar dosyası ile ilgili olarak bir sürtüşme yaşadık kendisiyle doğru ama bunlar her zaman olan şeyler zaten. Rant kavgası yüzünden istifa edilmez. Neticede bugün bana, yarın sanadır bu işler.\" diyen Alabunlar, yaptıkları istişare sonunda Topbaş\'a karşı takdir ve şükranlarını yeterince göstermedikleri sonucuna vardıklarını ifade etti.\"'),(51,1,'2017-10-20','Macaristan,Portekiz, Norveç, Slovenya Visalia Golbal',3,6,1,52,2,'https://teyit.org/dort-ab-ulkesinin-vize-kosullarinin-degistigi-iddiasi/','Dört AB Ülkesinin vize koşullarının değiştiği iddiası','Macaristan, Portekiz, Norveç ve Slovenya ülkelerin vize işlemlerini yürüten aracı Visalia Global şirketinin internet sitesinde 20 Kasım’dan sonra bu ülkelere seyahat etmek isteyenlere vize verilmeyeceğine yönelik bir açıklama yer aldı. Ayrıca bir turizm şirketi olan SETUR imzasıyla dolaşımda olan bir mail görseli kullanıcılar tarafından paylaşıldı. Ancak, Schengen vizesi isteyen ülkelere vize koşullarının değiştiği Macaristan, Portekiz, Norveç ve Slovenya gibi ülkere 20 Kasım’dan sonra vize verilmeyeceği iddiaları doğru değil. Vize işlerini yürüten şirketin değişmesi sonucunda sadece işlemlerde bir yavaşlama yaşanabileceği aktarıldı.\nMacaristan Başkonsolosluğu tarafından HaberTürk Gazetesi’ne yapılan yazılı açıklamada şu ifadeler yer alıyor: “Değerli başvuru sahiplerimiz ve acente yetkililerimiz, 10 Kasım 2017 tarihinden itibaren yeni bir vize merkezimiz, AS VISA hizmet verecektir, Macaristan, Norvec, Slovenya ve Portekiz icin başvurulari alacaktır. Bu teknik değisiklik günlük işlemleri aksatmayacaktır, 10 Kasım’dan sonraki seyahatlar için Visalia Global’in mevcut sisteminde randevu alınabilir.” teyit.org’un görüştüğü Portekiz Büyükelçiliği de söz konusu durumun Portekiz için geçerli olmadığını ifade etti. Norveç Büyükelçiliği’nden vize bölümü yetkilileri de bilginin yanlış haber olduğunu, üçüncü parti kuruluş hakkındaki bir anlaşmazlık yüzünden ortaya çıktığını belirtti. Slovenya Büyükelçilikliği’ne ulaşılamadı.'),(52,1,'2017-10-20','Macaristan,Portekiz, Norveç, Slovenya Visalia Golbal',2,4,2,51,2,'Social Media Virals','Duyuru ','Visalia Global ve Setur\'a göre Macaristan, Portekiz, Norveç ve Slovenya, 20 kasımdan itibaren Schengen vize başvurularını askıya alıyor.'),(53,2,'2017-11-20','Beyaz Futbol, Rasim Ozan Kütahyalı, Boşnak',2,1,2,54,3,'http://www.zaytung.com/haberdetay.asp?newsid=332840','Rasim Ozan Kütahyalı: \'\'İlk kez ne dediğimin anlaşıldığı bir cümle kurdum, o da buna denk geldi. Üzgünüm...\'\'','Beyaz Futbol\'da sarf ettiği Boşnak\'lar ve oral seks\'le ilgili bir deyimin ardından yoğun tepkilere maruz kalarak çalıştığı kanal ve gazeteden kovulan Rasim Ozan Kütahyalı, günah çıkardı. Genel olarak anlamsız böğürtüler arasına serpiştirdiği \"hocam hocam\"larla sürdürdüğü televizyon yorumculuğu kariyerinde ilk kez ne söylediğinin net olarak anlaşıldığı bir cümle kurduğuna dikkat çeken Kütahyalı, \"Kafam biraz yerinde olsa eminim daha uygun bir cümle seçerdim. Bana içirilen bir madde yüzünden o an ilk aklıma geleni söyledim. Üzgünüm\" sözleriyle başta Boşnaklar olmak üzere herkesten bir kez daha özür diledi. \nYaptığı yazılı açıklamada \"Beni izleyenler bilir. Ekranda normalde öyle bir şey söylemem asla ve asla mümkün değil. Yani istesem de yapamam, o manada mümkün değil. Daha 2. kelimeyi bitiremeden Ohooo\'yla bağlarım cümleyi. Eeooo\'yle Oooo\'yla Aaaaaa\'yla derdimi anlatırım. Bu ekranda da böyle, evde de böyle. İnanmayan Nagihan\'a sorsun\" diyen Kütahyalı, kendisine FETÖ tarafından dil çözme büyüsü yapıldığı yönünde güçlü şüpheleri olduğunu da sözlerine ekledi. Bir şans daha istedi\nKütahyalı, ekranda bir kez daha konuşma şansı verilmesi halinde bu iddiasını ispatlayacağını belirtirken, son olarak şu ifadelere yer verdi: \n\"Tepki biraz da o yüzden oldu sanıyorum. Bu adam madem konuşabiliyordu bu zamana kadar neden sadece böğürmesini dinledik gibi haklı bir serzenişi de var izleyicinin. Ama inanın normalde öyle bir insan değilim ben. Bugün çıksam yine tek kelime anlamazsınız. Yalanım varsa beni taa eşşekler sioohoooo hocam oooaaaa...\"'),(54,2,'2017-11-20','Beyaz Futbol, Rasim Ozan Kütahyalı, Bosna, Aliya İzzetbegoviç',3,2,1,53,3,'http://www.mynet.com/haber/guncel/rasim-ozan-kutahyalidan-skandal-sozleriyle-ilgili-aciklama-ilk-kez-duydum-geyik-olsun-diye-soyledim-3402083-1','Rasim Ozan Kütahyalı\'dan skandal sözleriyle ilgili açıklama: İlk kez duydum. Geyik olsun diye söyledim.','Beyaz TV ekranlarında yayınlanan Beyaz Futbol programında yaptığı skandal \"Kusturmalı boşnak s.\" açıklaması ile büyük tepki çeken Rasim Ozan Kütahyalı, sosyal medya hesabından konuyla ilgili açıklamada bulundu. Kütahyalı, \"Bosna halkının hayranı bir adamım. Siyasi bilgelik olarak en değer verdiğim adamlardan biri de Aliya İzzetbegoviç\'tir. Hayatımda ilk kez duyduğum bir laftı. Bunu da canlı yayında geyik olsun diye söyledim\" dedi.'),(55,1,'2017-12-08','Facebook',3,2,1,56,3,'https://teyit.org/toplu-igne-kullanarak-kalp-krizi-geciren-kisinin-hayatinin-kurtarilabilecegi-iddiasi/','Toplu iğne kullanarak kalp krizi geçiren kişinin hayatının kurtarılabileceği iddiası','Sosyal medyada ve Sabah, Mynet gibi haber sitelerinde yer alan haberlerde sadece toplu iğne kullanarak kalp krizi geçiren kişinin hayatının kurtarılabileceği iddia edildi. 6 Aralık’ta “Anlamlı Sözler” isimli Facebook sayfasında paylaşılan iddia yaklaşık 10 bin paylaşım ve 4 bin beğeni aldı.\nİddiada kalp krizi anında toplu iğnenin ucunu çakmak ile temizleyip, iğneyi kişinin tüm parmak uçlarından kan akacak şekilde batırmanın gerektiği belirtildi. Bu şekilde hastanın kan basıncının dışarıya iletileceği ve kişinin bilincinin yerine geleceği ve tüm bu yapılanların hastaneye gitmek için zaman kazandıracağı da ifade edildi. Ancak kalp krizi geçiren hastaya bir toplu iğne ile ilk yardım yapılabileceği iddiası doğru değil. İddianın uzun süredir internette dolaşan ve şehir efsanesi haline gelen “Bir İğne Hayat Kurtarabilir” başlıklı İngilizce bir metinden alındığı anlaşılabiliyor. “Çinli bir profesörden” alındığı iddia edilen yazı kalp krizi anında yapılacakları madde madde sıralıyor. '),(56,1,'2017-11-13',NULL,3,4,2,55,3,'https://www.sabah.com.tr/saglik/2017/11/13/1-igne-ile-kalp-krizinde-hayat-kurtaran-yontem?paging=5','1 iğne ile kalp krizinde hayat kurtaran yöntem','Ardından her bir kulak memesinden ikişer damla kan gelene kadar her kulak memesine de iki kez iğne batırın. Hastanın bilincini açık tutmak için bu işlemi yapacaksınız. Yapılan tüm bu müdahalelerin ardından hasta en yakın sağlık kuruluşuna götürülmelidir. ');
/*!40000 ALTER TABLE `news` ENABLE KEYS */;
UNLOCK TABLES;

--
-- Table structure for table `newsfromexcel`
--

DROP TABLE IF EXISTS `newsfromexcel`;
/*!40101 SET @saved_cs_client     = @@character_set_client */;
/*!40101 SET character_set_client = utf8 */;
CREATE TABLE `newsfromexcel` (
  `NewsId` int(11) NOT NULL AUTO_INCREMENT,
  `DataSetId` varchar(45) DEFAULT NULL,
  `NewsDate` varchar(50) DEFAULT NULL,
  `Actors` varchar(500) DEFAULT NULL,
  `Sentiment` varchar(45) DEFAULT NULL,
  `Type` varchar(45) DEFAULT NULL,
  `Value` varchar(45) DEFAULT NULL,
  `FakeTruthMatchNewsId` varchar(10) DEFAULT NULL,
  `Topic` varchar(45) DEFAULT NULL,
  `Url` varchar(500) DEFAULT NULL,
  `NewsTitle` varchar(500) DEFAULT NULL,
  `NewsDetail` varchar(10000) DEFAULT NULL,
  PRIMARY KEY (`NewsId`),
  UNIQUE KEY `NewsFromExcelId_UNIQUE` (`NewsId`)
) ENGINE=InnoDB AUTO_INCREMENT=57 DEFAULT CHARSET=utf8;
/*!40101 SET character_set_client = @saved_cs_client */;

--
-- Dumping data for table `newsfromexcel`
--

LOCK TABLES `newsfromexcel` WRITE;
/*!40000 ALTER TABLE `newsfromexcel` DISABLE KEYS */;
INSERT INTO `newsfromexcel` VALUES (1,'V','4.12.2017 ','Tokyo, \nUzakdoğu','Negative ','RUM','FAKE','3\n','URBAN LEGEND','http://archive.is/itd85','Sonunda bu da oldu insan eti satan ilk restoran açıldı','Daha önce Uzakdoğu\'da, ceninlerin yendiğini duymuşsunuzdur. Zaten Asya insanlarının yedikleri şeylere akıl sır ermiş değil. Böcekler, sürüngenler, ceninler... Liste bu tür acayipliklerle uzamış giderken bunlardan birine yenisi eklendi. Yer; Japonya. Başkent Tokyo\'da yasal olarak ilk insan eti sunan restoran açıldı. Öte yandan yalan haber olduğu söylense de, iddialar çok kuvvetli. Japon yasalarına göre yasal bir şekilde, ruhsatlı falan açılmış restoran. Şimdiden dünyanın dört bir yanından turist çekiyorlarmış. Peki insan etini nereden buluyorlar? İddialara göre tamamen bağış yönetimiyle. Bazı insanların ölmeden önce ailelerine para bırakmak amacıyla etlerini sattıkları öğrenildi. 30.000 ila 35.000 dolar arasında bir fiyata satılıyor. Ancak tabi ki yaşlılar için değil bu satış işi. Sadece genç yaşta öleceği belli olan insanların sözleşmeyi imzalayabiliyor. Henüz bu restoranın varlığı bir iddia olarak kalsa da, gerçekliğini kanıtlayan deliller böyle kanibalizm örneğine nasıl bir hükümetin izin verebileceği tartışılıyor.'),(2,'HSG','14.02.2017 ','Galatasaray, \nİgor Tudor,\nKarabükspor','Negative ','INF_CLA','TRUE','4','SPORTS','https://www.ntv.com.tr/spor/galatasarayda-igor-tudor-donemi-igor-tudor-kimdir,8X6Ez17wZkSgB6oVe1Cydw','Galatasaray\'da Igor Tudor dönemi (Igor Tudor kimdir?)','Galatasaray, teknik direktör Igor Tudor ile 1.5 yıllığına anlaştı. Karabükspor Başkanı Tankut, \"Tudor, \'Yarın sabah Karabük\'ten ayrılacağım, Galatasaray ile anlaştım\' dedi\" ifadelerini kullandı. Karabük antrenmanını izleyen bir grup taraftar teknik direktör Igor Tudor\'a tepki gösterdi. Sarı-kırmızılı takım Kayserispor karşısında alınan 2-1\'lik mağlubiyet sonrası Jan Olde Riekerink\'in yerine Kardemir Karabükspor\'u çalıştıran Hırvat teknik direktör Igor Tudor ile 1.5 yıllığına anlaşmaya vardı. Kardemir Karabükspor Kulübü Başkanı Ferudun Tankut, teknik direktörleri Igor Tudor\'la ilgili, \"Tudor, futbol şube sorumlumuza \'Yarın sabah Karabük\'ten ayrılacağım, Galatasaray ile anlaştım\' dedi.\" ifadelerini kullandı.\nTankut, yaptığı açıklamada, Galatasaray\'la adı geçen Hırvat teknik adamın yarın Karabük\'ten ayrılacağını belirtti.\nTudor\'un bugün Kardemir Karabükspor\'un antrenmanında kulübün futbol şube sorumlusu Tolga Gül\'le konuştuğunu aktaran Tankut, \"Tudor, futbol şube sorumlumuza \'Yarın sabah Karabük\'ten ayrılacağım, Galatasaray ile anlaştım\' dedi. Takımımız yarın antrenmana alt yapı antrenörüyle çıkacak.\" şeklinde konuştu\n'),(3,'V','4.12.2017 ','Tokyo, \nUzakdoğu\n','Objective','TRU_VER','TRUE','1','URBAN LEGEND','https://teyit.org/tokyo-da-insan-eti-satan-restoran-acildigi-iddiasi/','Tokyo’da insan eti satan restoran açıldığı iddiası','Sosyal medyada ve bazı internet sitelerinde, Japonya’nın başkenti Tokyo’da insan eti satan bir restoran açıldığı iddia edildi. Haberlerde, insanların bedenlerini bu restorana bırakmak karşılığında 30 bin avro alacakları bir anlaşmaya imza attıkları ve yemek fiyatlarının bin avroya kadar çıktığı da belirtildi. Restorana yemek olarak kabul edilmek için tek şartın genç olmak olduğu, ölümcül hastalığı olan genç hastaların bu anlaşmayı yaptığı yine metinde ifade edildi. Ancak Tokyo’daki bir restoranda insan eti satıldığı iddiası doğru değil. Haberin 12 Temmuz 2016’da satirik kurmaca haberler yapan La Voz Popular tarafından yayınlandığı görülebiliyor. La Voz Pupular’ın websitesindeki “hakkında” bölümü incelendiğinde sitede eğlence amaçlı  satirik haberler yayınlandığı, haberlerde ismi geçen kişi kurum ya da markaların hayal ürünü olduğu belirtiliyor.\nBenzer bir metnin 2016’da 1 Nisan şakası olarak da kullanıldığını görmek mümkün. Haber sitelerinde kullanılan ve derileri soyulmuş insan bedenlerine ait fotoğrafların ise Resident Evil 6 oyunu için Capcom firmasının Londra’da açtığı reklam amaçlı bir sergiden olduğu anlaşılabiliyor. Sergideki çalışmaların hayvan etlerinden imal edildiği de ayrıca belirtiliyor. \n'),(4,'HSG','14.02.2017 ','Galatasaray, \nİgor Tudor,\nKarabükspor','Positive','HUM','FAKE','2','SPORTS','http://www.zaytung.com/haberdetay.asp?newsid=318638','Galatasaray, Fatih Terim Gelmeden Önce Kovulacak \nYeni Teknik Direktörünü Bağrına Bastı...','Jan Olde Riekerink’in görevine son verilmesinin ardından Fatih Terim gelene kadar kulübeye bakacak hoca arayışına giren Galatasaray mutlu sona ulaştı. Karabükspor’un teknik direktörü Igor Tudor ile anlaşan Sarı-Kırmızılılar, muhtemelen en geç sezon sonu kovulacak genç hocanın göreve başlamasını heyecanla bekliyor... 2013’te Fatih Terim’le yollarını ayırmasının ardından Terim\'in geri dönüşüne dek çok sayıda teknik direktörle çalışarak ülkede geçici istihdama önemli katkılarda bulunan Galatasaray, yeni hocasını açıkladı. Flaş transferi bugün kamuoyuna Başkan Dursun Özbek’in kulüpte tam olarak ne iş yaptığı bilinmeyen teyzeoğlu Muzaffer Özbek duyurdu. Karabükspor’un hocası Igor Tudor’la 1,5 yıllığına anlaştıklarını ilan eden Özbek, “Bakın buradan sayın 1,5 yılı. Nereye geliyor? 2018 Dünya Kupası işlerinin bitimine. Tam o sıralarda da Fatih Hocamız tatilini falan bitirmiş olur, kafası rahat olur. Ha imparatorumuz daha önce gelicem derse onu da bir maddeyle ekledik zaten” diyerek sözleşme detaylarını paylaştı. Muzaffer Özbek açıklamalarını şöyle sürdürdü: “Şimdi biliyorsunuz bu yeni hoca 1978 doğumlu. Daha önce Juventus gibi büyük bir kulüpte stoper oynamış. Bizim takımın stoper ihtiyacı da malumunuz. Semih’in yerine girse şu yaşta direk oynar. Dolayısıyla kendisine de söyledik, Fatih Hoca bir anda gelirse açta açıkta bırakmayız çekeriz seni stopere dedik. O da olumlu baktı sağolsun. Ülkemizi de tanıyan bir isim, direkt ‘Krampon varsa oynarım abi’ dedi. Böyle neşeli başladı her şey bakalım. İnşallah kovulurken de aynı neşesini sürdürür...”'),(5,'HSG','6.05.2017 ','Lucy Hellien,\nAlabama,\nDexter,\nDexter','Negative ','RUM','FAKE','6','URBAN LEGEND','http://www.gazetevatan.com/bebek-elinde-dogum-kontrolu-icin-kullanilan-spiral-ile-dogdu-1064359-dunya/\n\n','Bebek elinde doğum kontrolü için kullanılan spiral ile doğdu.\n','ABD’nin Alabama eyaletinde doğan bir bebeğin elinde annesinin hamile kalmamak için taktırdığı doğum kontrol spirali ile doğduğu fotoğraf sosyal medya ve dünya basınını salladı. Daha önce iki bebek dünyaya getiren ve her doğumdan sonra da istenmeyen hamilelik yaşamamak için rahim içi spiral taktıran Lucy Hellein geçtiğimiz ağustos ayında bu işlemi yine tekrarlamak için doktora gitti. Doktorlar “Loto kazanmanız spiralle hamile kalmanızdan daha yüksek bir ihtimal” diyerek anne Hellein’e bu doğum kontrol aparatını taktı. Spiral taktırdığı için hamile kalmayacağını düşünen kadın aralık ayında 18 haftalık hamile olduğunu öğrendi. Bebeği doğurmaya karar veren Hellein, geçtiğimiz günlerde mucize bebek Dexter Tyler’ı kucağına aldı. Ancak Dexter’ın dünyaya geldiği anda çekilen fotoğrafı dünya çapında viral oldu. Çünkü küçük bebek, annesinin kendisine hamile kalmak için taktırdığı rahim içi spirali elinde sıkı sıkı tutuyordu. Dexter’in bu fotoğrafı birkaç saat içinde tam 72 bin kez paylaşıldı.'),(6,'V','6.05.2017 ','Lucy Hellien,\nAlabama,\nDexter,\nDexter','Objective','TRU_VER','TRUE','5','URBAN LEGEND','https://teyit.org/abdde-bir-bebek-elinde-spiral-ipiyle-dogdu-iddiasi/','ABD’de bir bebek elinde spiral ipiyle doğdu iddiası','Bazı haber sitelerinde yer alan bir haberde doğum kontrolü için spiral taktıran kadının bebeğinin elinde spiralle dünyaya geldiği iddia edildi.\nABD’nin Alabama eyaletinde, bir bebeğin elinde annesinin hamile kalmamak için taktırdığı doğum kontrol spirali ile dünyaya geldiği iddiası, bebeğin fotoğrafı paylaşılarak, sosyal medyada viral hale geldi. Ancak iddia doğru değil. İddia ile birlikte paylaşılan fotoğrafta herhangi bir montaj bulunmasa da, spiral ipi bebek doğduktan sonra, hemşire tarafından bebeğe verilmiş. Fotoğraf 28 Nisan’da anne Lucy Hellein tarafından ilk olarak Facebook’ta paylaşılmıştı. (Hellein’in Facebook profiline şu an ulaşılamasa da Instagram hesabında fotoğrafı görmek mümkün.) Hellein, kullandığı Mirena marka doğum kontrol spiralinin bir işe yaramadığını şaka yollu bir dille paylaşarak (Mirena başarısız oldu!) ifadesini kullanmıştı. Anne Hellein, oğlunun elinde spiralle doğduğuna dair herhangi bir paylaşımda bulunmazken, fotoğraf sosyal medyada bebeğin elinde spiralle doğduğu iddiasıyla viral oldu. First Coast News’e konuşan Lucy Hellein, doktorların hamileliği sırasında spiralin yerini tespit edemedikleri için müdahale edemediklerini belirtti. '),(7,'HSG','7.10.2017 ','Türkiye A Milli Futbol Takımı,\nDünya Kupası, 2018','Negative ','INF_CLA','TRUE','8','SPORTS','http://www.bbc.com/turkce/spor-41533352 ','Türkiye 2018 Dünya Kupası\'na gidemeyecek','Türkiye A Milli Futbol Takımı, 2018 Dünya Kupası Elemeleri I Grubu\'ndaki 9. maçında İzlanda\'ya 3-0 mağlup olarak gruptan çıkma şansını kaybetti. Gruplarda birinci olan takım doğrudan şampiyonaya katılırken ikinciler de Rusya\'da düzenlenecek şampiyona için play off oynama hakkı kazanıyor.\nTürkiye\'nin son maçı 8 puanlı grup beşincisi Finlandiya ile. Türkiye\'nin bu karşılaşmayı kazanması durumunda puanını 17\'ye çıkarma ihtimali bulunsa da Hırvatistan ve Ukrayna\'nın son maçlarını birbirlerine karşı yapacak olması, Türkiye\'nin Rusya bileti almasını imkansız kılıyor. Bu iki takımdan biri, kazanması durumunda puanını 20\'ye yükseltecek. Maçın berabere bitmesi durumunda ise iki takım da 18 puana ulaşacak. Türkiye yalnızca 1954 ve 2002 yılında Dünya Kupası\'na katılmaya hak kazanmıştı. 1954\'te gruptan çıkamayan Türkiye 2002 yılında Güney Kore\'de düzenlenen turnuvada 3. olmayı başarmıştı.'),(8,'HSG',NULL,'Türkiye A Milli Futbol Takımı,\nDünya Kupası, 2018','Positive','HUM','FAKE','7','SPORTS','http://www.zaytung.com/haberdetay.asp?newsid=332642','Türkiye’nin Gurur Gecesi: Furkan Atmaca\nYönetimindeki A Milli Takımımız FIFA 18’de Adını Finale Yazdırdı…','Dünya Kupası’na veda eden,oynadığı oyun ve aldığı kötü sonuçlarla sürekli eleştirilen Türkiye A Milli Futbol Takımı\'nda yüzler FIFA 18’den gelen haberle güldü. Millilerimiz, Furkan Atmaca(13) yönetiminde çıktığı yarı final rövanş maçında İspanya’yı 2-0 yenerek adını finale yazdırdı.\nYozgat’ın Sorgun İlçesinde doğup,büyüyen, ilköğretim 8’nci sınıf öğrencisi Atmaca, İspanya galibiyeti sonrası Leman Ayan İlkokulu kantininde bir basın toplantısı düzenledi. Sözlerine, kendisine playstation alan dedesi Kazım Atmaca’ya ,eve internet bağlatan babası Niyazi Atmaca ve maçları Facebook\'dan canlı yayın yaparak binlerce kişiye ulaştıran ablası Nihan Atmaca’ya teşekkür ederek başlayan genç teknik adam, başarısının arkasında ekip çalışması olduğunu belirterek şöyle devam ettii: \"Evde A Milli takımımızın maçlarını izliyordum. Sürekli kötü futbol ve mağlubiyetler alınca kendi kendime söz verdim.Gerekirse elimi taşın altına koyup Türk futbolununun biraz daha ileri gidebilmesi için çabalayacaktım. Ve dediğimi de yaptım. Okuldan eve geldiğimde yeri geliyor ödevlerimi bile yapmadan milli takımımızın başına geçip zorlu mücadelelere çıkıyordum. Evet, bu süreçte derslerimden biraz fedakarlık ettim, belki Matematik ve Türkçe\'den de çaktım ama bu ülke için feda olsun. Nağmalüp şekilde takımımı finale çıkardım. İnşallah bu akşam finalde İzlanda’yı da yenip şampiyon olucaz…’’'),(9,'V','8.11.2017 ','Whatsapp,\nTwitter,\nFacebook','Negative ','MAN_PROP','FAKE','0','URBAN LEGEND','Social Media Virals','Sosyal Medyadaki tüm verilerimiz depolanıyor ve izleniyoruz.','Biliyor muydunuz; Yarından itibaren tüm dünyada yeni iletişim kuralları yürürlüğe girecek. Tüm Avrupa, Kuzey Amerika ve Güney Amerika ülkelerinin hükümetleri WhatsApp, Twitter, Facebook ve diğer iletişim kanalları ile bu kanallar üzerinden yapılacak tüm konuşmaların kaydedilmesi konusunda bir anlaşmaya vardılar. Tüm telefon görüşmeleri ve WhatsApp üzerindeki tüm mesajlar ve aramalar kaydedilecek. Twitter denetlenecek. *BREZİLYA’DA YARGITAY DENETLEMEYE İZİN VERDİ* Facebook kontrol edilecek. Tüm medya ve sosyal forumlar izlenecek. Lütfen konu ile ilgili bilgisi olmayan kişileri bilgilendirin. Tüm cihazlar, Federal hükümetin ve dünyanın diğer ülkelerinin hükümetlerinin ilgili sistemleri ile bağlantılı olacaktır. BU HAREKET, ORGANİZE SUÇ VE TERÖRİZMİ TAKİP AMAÇLIDIR. Hükümetlere, yasalara ve ahlaka aykırı mesajlar veya gereksiz bilgiler göndermemeye özen gösterin. Önemli bilgileri paylaşmayın, arkadaşlarınıza ve ailenize karşı duyarlı olun. Çocuklarınızı bilgilendirin ve çok dikkatli olun. Bu mesajı bugün paylaşmanız çok önemlidir. Çünkü yarından başlayarak dünyadaki tüm ülkelerde bir başka izleme formatı var olacak. Şaşırtıcı ama gerçek. Bugün bu bilgiyi tüm sevdiklerinize ve arkadaşlarınıza gönderin. Yazdığınız ya da konuştuğunuz her şey aleyhinize kullanılabilir ve bu kesinlikle şaka değil! Acil olarak paylaşın! Ama bu sizi demokratik mücadeleden ve insani ilişkilerden vazgeçirmemeli! Teslim olunmamalı! ABD ve diğer emperyalistler dünyamıza asla hükümdar olmamalı! Buna insanlık olarak izin vermemeli ve direnmeliyiz. Dünyayı onların açık hava hapishanesine çevirttirmemeliyiz. İnsanlık onuru onların esiri olamaz.!'),(10,'V','20.11.2017 ','Henry Kissinger,\nABD,\nDünya Savaşı','Objective','TRU_VER','TRUE','11','POLITICS','https://teyit.org/kissinger-in-3-dunya-savasi-cok-yakin-dedigi-iddiasi/','Kissinger yaptığı açıklamada “3.Dünya Savaşı çok yakın” dedi iddiası','Bazı haber sitelerinde ve sosyal medyada yer alan paylaşımlarda, ABD’li politikacı ve eski Dışişleri Bakanı Henry Kissinger’ın 3. Dünya Savaşı’nın çok yakında gerçekleşeceğini belirttiği ve Ortadoğu’daki yedi ülkenin stratejik önemleri nedeniyle ABD’nin olması gerektiğini söylediği iddia edildi. Ancak iddia doğru değil. İddia ilk olarak Daily Squib isimli hiciv içerikli haberler yapan sitede 2011 yılında, “Eğer savaş tamtamlarını duyamıyorsanız, sağır olmalısınız” başlığıyla yayınlandı. Daily Squib sitesinde kendisini şöyle tanımlıyor: “siyasi, son dakika haberler, komedi ve magazin başlıklarında hiciv içerikli haberler yapan bir gazete.”'),(11,'V','20.11.2017 ','Henry Kissinger,\nABD,\nRusya','Negative ','MIS_INF','FAKE','10','POLITICS','https://archive.is/gVQYj#selection-4747.1-4744.2','Kissinger: 3. Dünya Savaşı çok yakın','Manhattan’daki lüks dairesinden değerlendirmelerde bulunan 89 yaşındaki eski ABD’li politikacı, “Eğer savaş tamtamlarını duymuyorsanız sağırsınız demektir” sözleriyle 3. Dünya Savaşının yakın olduğunu söyledi. ABD’nin şu an Çin ve Rusya’yı kandırdığını söyleyen Kissinger, “Çin’in askerî gücünü artırmasına ve Rusya’nın da Sovyetler Birliği’nin dağılmasının ardından onlara sahte kabadayılık hissini verdik. Bu onlar için daha hızlı ölüm olacak. Yaklaşan savaş o kadar ağır olacak ki, sadece bir süper güç kazanacak ve bu bizim milletimiz olacak. Avrupa Birliği deneyin geleceğini bildiği için hızlı bir şekilde tek devlet olmak için acele ediyor. Onların bu acelesi bana bu çok büyük hesaplaşmayı bildiklerini gösteriyor” dedi.'),(12,'HSG',NULL,'Pepsi,\nHIV','Negative ','MAN_PROP','FAKE','13','HEALTH','Social Media Virals','Pepsi çalışanı içeçeklere hastalık bulaştırmış.','Polisin haberleri var. Herkes için acil bir mesaj. Önümüzdeki birkaç gün içinde Pepsi’de pepsi, Tropikana suyu, dilim, 7up gibi herhangi bir ürün içmeyin. Şirketteki bir çalışan, kanını AIDS ile kirletti. MDTV’yi izleyin. Lütfen listenizdeki herkese iletin. TEKRARLAYIN: Metropolitan Polis’ten Büyük Britanya vatandaşlarına yönelik önemli mesaj. Önümüzdeki haftalarda Pepsi’de ürün içmeyin; bir şirket çalışanı kanını HIV (AIDS) bulaştırdı. Dün Sky News’de gösterildi. Lütfen bu mesajı, ilgilendiğiniz kişilere gönderin.\n\n'),(13,'HSG','18.09.2017 ','Pepsi,\nHIV,\nMetropolitan ','Objective','TRU_VER','TRUE','12','HEALTH','https://teyit.org/pepsi-calisaninin-iceceklere-hiv-bulastirdigi-iddiasi/','Pepsi çalışanının içeceklere HIV bulaştırdığı iddiası','Sosyal medyada ve WhatsApp gruplarında yaygınlaşan bir mesajda, Pepsi şirketinde bir çalışanın, içeceklere HIV bulaştırdığı iddia edildi. Mesajda ayrıca, Metropolitan Polisi’nin İngiltere vatandaşlarını uyardığı, Pepsi ürünlerini içmemeleri gerektiğini belirttiği ve bunun Sky News’te yayınlandığı ifade edildi. Ancak iddia doğru değil. İddia, sosyal medyada 2011’den beri dolaşımda olan bir şehir efsanesi. Metropolitan Polisi’nin ise iddiada yer aldığı şekilde bir açıklama yaptığı iddiası doğru değil. Doğrulama sitesi Snopes da şehir efsanesi haline gelmiş bu iddiayı yalanladı. Bugüne kadar ortaya atılan iddiaya ilişkin, iddiaların gündeme geldiği İngiltere, Amerika, Hindistan gibi ülkelerde bu konuyu doğrulayan hiçbir resmi yetkili açıklaması bulunmadığını aktardı. 2013 yılında Hindistan’da dolaşıma giren benzer iddia üzerine Frooti şirketi bir açıklama yayınlamış ve bu durumu yalanlamıştı.'),(14,'V','19.11.2017 ','Türkiye,\nSOS,\n2018 Seyahat Riski Haritası','Positive','TRU_VER','TRUE','15','POLITICS','https://teyit.org/international-sosa-gore-turkiyenin-en-tehlikeli-9uncu-ulke-oldugu-iddiasi/','International SOS’a göre Türkiye’nin en tehlikeli 9’uncu ülke olduğu iddiası','CNN Türk, Gri Hat, Haberdar gibi haber sitelerinde ve sosyal medyada yer alan paylaşımlarda, International SOS tarafından 2018 yılı için hazırlanan “seyahat riskli ülkeler” sıralamasında Türkiye’nin dokuzuncu sırada yer aldığı iddia edildi. Uluslararası çapta iş yapan şirketlere stratejilerini belirleme ve çalışanlarının seyahat konusunda hangi önlemleri alması gerektiği ile ilgili International SOS seyahat riski olan ülkelere dair seyahat riskini; düşük riskli, orta riskli, yüksek riskli ve aşırı riskli kategorileri altında inceleyen bir harita hazırlıyor. \nSeyahat riskini ele alırken ise ülkeleri sağlık, güvenlik ve yol güvenliği konu başlıklarına göre değerlendiriyor. 2018 Seyahat Riski Haritası’nda Türkiye’ye ait bilgilere bakıldığında, Türkiye’nin sağlık konu başlığında düşük riskli, güvenlik konu başlığında orta riskli, yol güvenliği konu başlığında ise düşük riskli olarak ifade edildiği görülüyor.'),(15,'V','16.11.2017 ','Türkiye','Negative ','MIS_INF','FAKE','14','POLITICS','https://www.cnnturk.com/dunya/dunyanin-en-tehlikeli-ulkeleri-aciklandi-turkiyenin-siralamasi-sasirtiyor','Dünyanın en tehlikeli ülkeleri açıklandı! Türkiye’nin sıralaması ise şaşırttı!','Dünyanın lider tıbbi ve seyahat güvenliği yardım şirketi International SOS, 2018’in “seyehat riski taşıyan” ülkelerini yayınladı. Terörizm, doğal afetler, trafik kazaları ve bulaşıcı hastalıklar gibi parametreler bir ülkenin güvenli olup olmadığını belirliyor. Bu parametreler bir araya toplanıp, istatistikleri oluşturulduğunda dünyanın en tehlikeleri ülkeleri ortaya çıkıyor. Ortaya çıkan listeye Türkiye ile birlikte birçok sürpriz de yer alıyor. Türkiye listede dokuzuncu sırada bulunuyor. İŞİD, PKK ve FETÖ gibi terör örgütlerinin direk hedefinde olan ülkemizde, terörizm, hem sivilleri hem de askerleri sıkça hedef alıyor. Hindistan, Libya, Somali, Yemen ve Pakistan terörizm listesinin ilk onunda yer alan diğer ülkeler.'),(16,'HSG',NULL,'Fenerbahçe,\nAtletizm,\nBasketbol','Negative ','HUM','FAKE','17','SPORTS','http://www.zaytung.com/haberdetay.asp?newsid=328077','Fenerbahçe Spor Kulübü, Amatör Şubelerinden Futbolu Kapatma Kararı Aldı…','Atletizm ve Basketbol gibi branşlardaki başarılarıyla milyonları peşinden sürükleyen Fenerbahçe Spor Kulübü, aynı başarıyı yakalayamadığı amatör branşların kapısına kilit vurmaya hazırlanıyor. Bu doğrultuda ilk adım uzun zamandır kulübün sırtında kambur olan futbol şubesi için atılırken, yönetim tarafından yapılan açıklamada bu branşta faaliyet gösteren amatör sporcuların mağdur olmamaları için yeteneklerine uygun diğer şubelere kaydırılacakları açıklandı. Yıldırım, kapatılan şubede görev alan sporcuların kulüp içerisinde uygun durumdaki diğer şubelere kaydırılacağını da sözlerine ekleyerek bu konuda bir mağduriyet yaşanamaması için ellerinden geleni yapacaklarını ifade etti. Bu doğrultuda Van Persie, Hasan Ali Kaldırım, Volkan Demirel ve Ozan Tufan\'ın yarından itibaren Fenerbahçe kürek takımıyla birlikte çalışmalara başlayacağını belirten Yıldırım, \"Bu arkadaşlarımız yeni şubeye uyum aşamasında önümüzdeki 1 sene her gün en az 8 saat kürek çekecekler.\" sözleriyle geçiş süreci hakkında da bilgiler verdi. '),(17,'HSG','30.06.2017 ','Fenerbahçe,\nBasketbol','Positive','INF_CLA','TRUE','16','SPORTS','http://spor.mynet.com/basketbol/spor-toto-tbl/111991-tarihi-imza-atildi-fenerbahcenin-adi-fenerbahce-dogus-oldu.html','Tarihi imza atıldı! Fenerbahçe\'nin adı \'Fenerbahçe Doğuş\' oldu','Fenerbahçe Kulübü ile Doğuş Grubu arasında, sarı-lacivertli erkek basketbol takımının sponsorluğunu kapsayan iş birliği anlaşması gerçekleştirildi. Ülker Sports Arena\'da gerçekleştirilen imza törenine, Fenerbahçe Kulübü Başkanı Aziz Yıldırım, Basın Sözcüsü ve Genel Sekreter Mahmut Uslu, Yönetim Kurulu Üyesi Ozan Balaban, erkek basketbol takımı başantrenörü Zeljko Obradovic ve Doğuş Holding Yönetim Kurulu Başkanı Ferit Şahenk katıldı. Yapılan anlaşmayla Fenerbahçe Erkek Basketbol Takımı, yeni dönemde Fenerbahçe Doğuş ismiyle mücadele edecek. Törende açıklamalarda bulunan Aziz Yıldırım, Türk sporunda önemli bir gün yaşadıklarını söyledi.\n\n\n'),(18,'HSG','19.07.2017 ','Türkiye,\nÇin,\nEndonezya','Objective','INF_CLA','TRUE','0','HEALTH','https://teyit.org/cinde-plastik-pirinc-uretildigi-iddiasi/','Çin’de plastik pirinç üretildiği iddiası','Son yıllarda Türkiye’de de popüler olan plastik pirinç meselesi aslında dünyanın 2011’den beri gündeminde olan bir konu. Sabah ve Yeni Akit’in yaptığı haberlerde plastik ve patates püresi ile bazı kimyasalların karıştırılarak sahte pirinç elde edildiği belirtiliyor. Çinlilere atfedilen bu olayın birçok ülkeyi alarma geçirdiği de ifade ediliyor. Plastik pirinç iddialarının çıkış noktası 2011 yılında yayınlanan bir habere dayanıyor. Korece yayın yapan Weekly Hong Kong gazetesi, yayınladığı bir raporda, Çin’in Shaanxi bölgesinde patates ile plastiğin karıştırılarak sahte pirinç üretildiğini belirtti. Bunun üzerine dünyadaki çeşitli haber siteleri konuya ilgi gösterdi ve raporu haberleştirdi.\n2011’den beri çeşitli şekillerde dolaşımda olan iddia 2015 yılının Mayıs ayında Endonezya’da yayın yapan Harian Terbit isimli gazete tarafından tekrar gündeme getirildi. Gazete Çin’de plastik pirinç üretildiğini iddia eden bir yazı yayınladı. Ancak, gazete Endonezya’da plastik pirinç dolaşımının olduğuna dair bir belirtiye rastlanmadığını belirtirken okuyucuları konu hakkında dikkatli davranmaya çağırıyordu.'),(19,'V','28.11.2017 ','Whatsapp,\nRusya,\nRutenyum','Objective','INF_CLA','TRUE','20','SCI_ENV_SOC','https://teyit.org/rusya-kaynakli-nukleer-sizinti-radyoaktif-bulutlarin-turkiyeden-gectigi-iddiasi/','Rusya kaynaklı nükleer sızıntı ve radyoaktif bulutların Türkiye’den geçtiği iddiası','İhbar olarak gelen ve WhatsApp gruplarında dolaşıma giren bir metinde Rusya’da bir nükleer sızıntı yaşandığı ve Eylül ayı sonunda atmosferde radyoaktif izotop Rutenyum-106’ya rastlandığı iddia edildi. Olay NTV, BirGün, Hürriyet ve Cumhuriyet gibi haber siteleri tarafından da haberleştirildi. Metinde sebebi anlaşılmayan sızıntının oluşturduğu radyoaktif bulutların Türkiye üzerinden Avrupa’ya geçtiği de belirtildi. \nRusya’da sebebi bilinmeyen nükleer bir sızıntı olduğu iddiası doğru ancak radyasyon yüklü bulutların Türkiye’den geçtiği iddiası belirsiz. Radyasyon yüklü bulutlar ilk olarak Eylül ayında İtalya, Avusturya ve Almanya’da tespit edilmiş ardından 9 Kasım’da Fransa Nükleer Güvenlik Enstitüsü (IRSN) tarafından da doğrulanmıştı. '),(20,'V','27.11.2017 ','Rutenyum,\nÇernobil,\nİstanbul\n','Negative ','INF_CLA','FAKE','19','SCI_ENV_SOC','http://www.cumhuriyet.com.tr/haber/turkiye/872910/Radyasyon_bulutlari_istanbul_un_uzerinden_gecti.html','Radyasyon bulutları İstanbul\'un üzerinden geçti','İnsan sağlığı açısından tehlikeli (Rutenyum-106) radyoaktif izotop maddesini içeren bulutlar kimsenin ruhu bile duymadan İstanbul ve Trakya bölgesi üzerinden geçerek Avrupa’ya ulaştıklarının haritası yayınlandı. 29 Eylül tarihinde ilk önce İtalya, Avusturya ve Almanya’da tespit edilen, ardından 6 Ekimde Fransa Nükleer Güvenlik Enstitüsü (IRSN) tarafından doğrulanan ve 1986 Çernobil faciasında olduğu gibi paniğe yol açan aşırı dozda radyasyonlu bulutların büyük olasılıkla Rusya kaynaklı oldukları tartışılmaya devam ediliyor. Hürriyet\'ten Nerdun Hacıoğlu\'nun haberi şöyle: Türkiye açısından işin vahim boyutu ise dün yeni ortaya çıktı. İnsan sağlığı açısından tehlikeli (Rutenyum-106) radyoaktif izotop maddesini içeren bulutlar kimsenin ruhu bile duymadan İstanbul ve Trakya bölgesi üzerinden geçerek Avrupa’ya ulaştıklarının haritası yayınlandı.\n'),(21,'HSG','17.10.2017 ','Coca Cola','Positive','MIS_INF','FAKE','0','URBAN LEGEND','http://www.aytink.com/coca-cola-1-milyon-dolar/','Bu Formülü Bulana Coca Cola 1 Milyon Dolar Ödül Verecek!','Coca Cola firması şekerin yapısından ve zararlarından doğan zararları en aza indirmek için şeker yerine geçebilecek bir formül için kesenin ağzını epey açtı. Şekersiz aynı tatta kola formülü geliştirene Coca Cola 1 Milyon Dolar ödül verecek.Coca Cola geçtiğimiz günlerde bilim adamlarının katılacağı bir yarışma başlatarak şu ana kadar hiçbir içecek şirketinin başaramadığını gerçekleştirmek istiyor. Şirketin bilim adamlarından istediği ise bir bileşim yapmaları.İnsanların gelişen teknoloji ve haberleşme ağı sayesinde şekerin zararlarına karşı duyarlı olması bu yarışmanın açılmasındaki en büyük neden olarak gösteriliyor. Çünkü asitli içeceklerin tüketilme oranında son 15 yıl içerisinde %19 gerileme yaşandığı görülüyor.\nCoca-Cola Şirketi, geçtiğimiz hafta, hiçbir içecek şirketinin başaramadığı şeyleri yapmak için bilim adamları için açık meydan okumayı açıkladı: içeceklere karıştırıldığında şekerle aynı tadı veren doğal, güvenli, düşük veya kalorisiz bir bileşik bulunması. Yeni Formül stevia veya keşiş meyvesini içermeyen veya bunlardan türetilmeyen herhangi bir korunan tür veya madde olmayan bir formül olmak zorunda. Görev, aslında, 4,8 trilyon dolarlık ambalajlı gıda endüstrisinin karşılaştığı en büyük sorunlardan biri olan şeker sorunun çözülmesi.'),(22,'V','24.05.2017 ','ATM\n','Objective','TRU_VER','TRUE','23','URBAN LEGEND','https://teyit.org/kart-sifresini-tersten-girince-atmnin-polis-cagirdigi-iddiasi/','Kart şifresini tersten girince ATM’nin polis çağırdığı iddiası','Sosyal medyada farklı pek çok hesap tarafından, “soyguncuların sizi ATM’den para çekmeye zorlaması durumunda şifrenizi tersten girerseniz ATM’nin polise haber verdiği” iddia edildi. Ancak, iddia doğru değil. İnternette sıkça dolaşan bu bilgi bir şehir efsanesi. İddia, 2012 yılında Milliyet’e haber olmuş, haberde, Akdeniz Üniversitesi Bilgisayar Topluluğu öğrencilerine siber güvenlik konferansı veren Bilişim Suçları Araştırmacısı Serkan Kurt’un iddianın gerçekliği olmayan bir pazarlama yöntemi olduğuna dair ifadeleri aktarılmıştı. Farklı ülkelerde de sosyal medyada yayılan bu iddiayı Snopes isimli doğrulama sitesi 2006 yılında yazdığı bir analizle yalanlamıştı. '),(23,'V',NULL,'ATM\n','Negative ','RUM','FAKE','22','URBAN LEGEND','Social Media Virals','ATM\'de \'Ters Şifre\' Efsanesi',' ATM\'den para çekerken arkada şüpheli biri varsa, şifrenin ters girilmesi emniyet güçlerine sinyal gönderiyor mu? Son günlerde açığa çıkmış olan bilgi sanki doğru gibi. Sosyal medyada eğer bir gün ATM makinelerinden ir soyguncu tarafından para çekmeye zorlanırsanız; şifrenizi ters girmeniz halinde (1234 yerine 4321 gibi) makine parayı veriyor ama bu sırada poliste çağırıyor… Mutlaka sevdiklerinizle paylaşın... söylentileri dolanıyor.'),(24,'V',NULL,'Haliç,\nJaponlar','Positive','RUM','FAKE','25','URBAN LEGEND','Social Media Virals','Haliç\'in dibi altın kaynıyor','Her ülkede yeraltı hazinelerine dair şehir efsaneleri vardır.\nBizdeki şehir efsanesi de şu şekilde: ”Haliç’in dibi altın doluymuş; Japonlar, ‘Haliç’i temizleriz, ama çıkan ne var ne yok bizim olur’ demişler.” Efsaneye göre, dönemin İstanbul Büyükşehir Belediye Başkanı Bedrettin Dalan, Japonlara Haliç’i temizletmek istemiş, Japonlar temizlemek karşılığında Haliç’in dibinde çıkacak her şeye talip olmuşlar. Hal böyle olunca da, proje askıya alınmış. Bunun sebebi ise, Bizanslıların İstanbul’un fethi sırasında, altınlarının Türklerin eline geçmesindense, denize atmalarıymış.\n\n'),(25,'V','7.11.2017 ','Haliç,\nRecep Tayyip Erdoğan','Objective','TRU_VER','TRUE','24','URBAN LEGEND','https://dogrula.org/halicin-dibinin-altin-dolu-oldugu-iddiasi/','Haliç\'in dibi altın dolu olduğu iddiası','Haliç’in temizlik süreci, Cumhurbaşkanı Recep Tayyip Erdoğan‘ın İstanbul Büyükşehir Belediye Başkanlığı döneminde “Haliç Çevre Koruma Projesi” ismiyle yeniden başlatılmıştır. 1997’de yapılan ihale ile Haliç temizliğini Amerikan Türk ortak yapımı bir şirket almış, temizlik sonucunda ilk etapta tarama yapılmış ve 5 milyon metreküplük çamur, döşenen dev borularla Alibeyköy’deki eski taş ocaklarına pompalanmıştır. 1997’de başlayan bu çalışma 1999’da tamamlanmıştır. Bu süreçte altına rastlanmamıştır. Tünelin her noktasını inceleyen polis ekipleri definecilerin bulduğu iddia edilen 50 ton altının izine rastlayamamıştır.\n'),(26,'V','19.01.2017 ','teyit.org,\nTMMOB,\nÇMO\n','Objective','TRU_VER','TRUE','27','URBAN LEGEND','https://teyit.org/tmmobun-bor-madenleriyle-ilgili-toplu-mesaj-gonderdigi-iddiasi/','TMMOB’un bor madenleriyle ilgili toplu mesaj gönderdiği iddiası','teyit.org\' a gelen bir ihbarda, Türk Mühendis ve Mimar Odaları Birliği (TMMOB) Çevre Mühendisleri Odası’ndan (ÇMO) Türkiye’deki bor madenlerinin işletilmediği,  Kanal İstanbul projesi ile Trakya’nın alınacağı ve Etibank’ın özelleştirilmesi ile ilgili iddiaların yer aldığı toplu mesaj yollandığı iddia edildi. Ancak ÇMO ile bir ilgisi bulunmayan bu mesajlar farklı yıllarda toplu olarak internet kullanıcılarına e-posta veya kısa mesaj ile gönderilmiş ve tekrar gündeme gelmişti. 2007 tarihinde de gündeme gelen bu mesajlarla ilgili ÇMO İstanbul Şube, odaTV’ye kendilerinin böyle bir mesaj göndermediğini, kimin gönderdiğine dair de bir fikirleri olmadığı yönünde açıklama yaptı. '),(27,'V',NULL,'Bor Madeni','Negative ','MAN_PROP','FAKE','26','URBAN LEGEND','Social Media Virals','Türkiye bor kaynıyor, ama dış güçler bunun çıkartılmasını engelliyor.','“Çok önemli….OKUYUN ve OKUTUN… ASIL DEGERi 9 (DOKUZ) TRiLYON DOLAR. DiKKAT  9 MiLYAR VEYA  9 MiLYON DEGiL …  9 TRiLYON DOLAR… ABD, SADECE 40 KIRK MiLYON DOLARA KAPATACAK… ALTI USTU, BiR MAiL GONDERMEKLE BU iS OLMAZ DiYE DUSUNMEYiN… LUTFEN, VATANINI SEVEN HERKESE GONDERiN… HEPiNiZiN BiLDiGi GiBi ETiBANK OZELLESTiRiLECEK .. (VE ALICISI AMERIKA:-) VE… BOR iSLETMELERi ETiBANK BUNYESiNDE…    KONULAN FiYAT; 40 MİLYON $…   LUTFEN BiR DAHA OKUYUN… VE LUTFEN HERKESE iLETiN… YASADIGINIZ DUNYAYI SORGULAYAMIYORSANIZ, BARi ULKENiZİ SORGULAYINIZ….. Önemli !!!!!!!!!!!.. Borla calisan araba uretildi, Turkiye kiskacta. Arabayi BOR madeniyle calistiracak patentli 600 proje oldugu ortaya cikti… Turkiye, dunya rezervinin yuzde 70`ine sahip… Ve uluslararasi teroristler, Turkiye uyanmadan bu kaynagi ele gecirmeyi planliyor…   Bu maili çoklu yollayarak en azindan bir toplum bilinci olusmasina yardim edelim…   Ya da hemen(!) silelim..   '),(28,'HSG',NULL,'Mircea Lucescu,\nTürkiye','Negative ','HUM','FAKE','29','SPORTS','http://www.zaytung.com/haberdetay.asp?newsid=326747','Kamuoyu, Her Yıl En Az Bir Türk Takımına Transfer Olan Lucescu\'nun 2004\'ten Beri Türkiye\'de Olmadığını Fark Etmenin Şokunu Yaşıyor...','Türkiye Futbol Federasyonu\'nun akşam saatlerinde A Milli Takım teknik direktörlüğü için Mircea Lucescu\'yla anlaşıldığını duyurmasıyla birlikte Romen teknik adamın 13 yıldır Türkiye\'de olmadığını fark eden kamuoyunda şaşkınlık sürüyor. Bir çok kişi Lucescu\'nun en fazla 1-2 senedir bir Türk takımını çalıştırmadığından emin olduklarını iddia ederken, ismi 13 yıldır spor sayfalarından düşmeyen teknik adamın Türkiye\'den hiçbir zaman ayrılmadığını düşünenlerin sayısı da bir hayli fazla. Konuyla ilgili olarak konuşan Hürriyet gazetesi spor sayfası editörü Sinan Olcanlı, \"Akşam işte haber geldi Lucescu tamam diye. Biz de haberi girerken adettendir diye yanında bir de Mircea Lucescu kimdir sayfası yapalım dedik. Kaç yaşında, hangi takımları çalıştırmış falan incelerken o ara farkettim durumu. En son 2004\'te Beşiktaş\'ı çalıştırmış bizde. Yanlışlık var heralde diye 3-4 farklı kaynaktan kontrol ettim ama yok, hepsi aynı şeyi söylüyor. Gerçekten inanamıyorum...\" dedi.'),(29,'HSG','2.08.2017 ','Mircea Lucescu,\nTürkiye','Positive','INF_CLA','TRUE','28','SPORTS','http://kariyer.milliyet.com.tr/mircea-lucescu/kariyer/detay/2479114/default.htm','Mircea Lucescu´nun muhteşem kariyeri','Kariyeri başarılarla dolu teknik direktör ´Mircea Lucescu´ neredeyse gittiği her takıma ya kupa kazandırdı yada o takımları Şampiyonlar Ligi ve UEFA Avrupa Ligleri´nde önemli yerlere taşıdı. ´Mircea Lucescu´ Türkiye\'de Galatasaray ve Beşiktaş takımlarına şampiyonluk yaşatmış ve kupalar kazandırmıştı. İşte efsane Kupa Avcısı ´Mircea Lucescu´nun teknik direktörlük yaptığı takımlar ve kazandığı birçok kupa var.'),(30,'HSG',NULL,'Macaristan ','Negative ','HUM','FAKE','31','POLITICS','http://www.zaytung.com/sondakikadetay.asp?newsid=333560','Son Dakika!','Macaristan\'a iltica eden 11 folklörcüye en sert tepki, Hükümet adına Mahmut Tuncer\'den geldi: \'\'Bunlar halayci kılığına girmiş teröristlerdir...\'\''),(31,'HSG','5.12.2017 ','Macaristan,\nAnkara ','Negative ','INF_CLA','TRUE','30','POLITICS','https://www.cnnturk.com/turkiye/halk-oyunlari-ekibi-macaristana-iltica-etti','Halk oyunları ekibi Macaristan\'a iltica etti','Ankara Kent Çocuk ve Gençlik Halk Dansları Topluluğu Derneği kafilesi Kasım ayında Macaristan\'da yapılan bir organizasyona katıldı. Ancak yaş ortalaması 20\'nin üzerinde olan ve yeni lisans çıkardıkları öğrenilen 16 kişilik kafileden 11 kişinin Macaristan\'a iltica ettikleri ortaya çıktı. Ankara Cumhuriyet Bassavcılığı konuyla ilgili soruşturma başlattı.'),(32,'V','20.09.2017 ','THY','Objective','TRU_VER','TRUE','33','SCI_ENV_SOC','https://teyit.org/ucakta-dogan-bebeklerin-egitim-vatandaslik-haklarina-dair-iddialar/','Uçakta doğan bebeklerin eğitim ve vatandaşlık haklarına dair iddialar','Sosyal medyada dolaşıma giren paylaşımlarda Türk Hava Yolları (THY) uçağında doğan bir bebeğin yaşamı boyunca eğitim, öğretim ücretlerinin THY tarafından karşılandığı ve THY’nin bebeğe ömür boyu ücretsiz seyahat hakkı verdiği iddia edildi. Ayrıca uçakta doğan bebeklerin dünya vatandaşı sayıldığı ve tüm ülkelere vizesiz girebildiği de iddiada yer aldı. THY’nin uçakta doğan bebeğin eğitim masraflarını karşıladığı ve ömür boyu ücretsiz seyahat hakkı tanıdığı iddiaları doğru değil. Google’da, Türkiye’nin üyeleri arasında yer aldığı Uluslararası Sivil Havacılık Örgütü’nün (ICAO) websitesi özelinde uçakta doğumla ilgili bir arama yapıldığında çıkan sonuçlarda, kabin içi personelinin eğitimi ile ilgili bazı belgeleri bulmak mümkün. '),(33,'V','8.09.2017 ','THY','Positive','MIS_INF','FAKE','32','SCI_ENV_SOC','https://twitter.com/bilim_adami/status/906241396297912325','Uçakta dünyaya gelmediğimiz için nasıl bir suçumuzun olduğunu araştıryoruz','Uçakta doğan bir bebek dünya vatandaşı sayılır. Bütün ülkelere vizesiz girebilir. Uçak THY\'YE ait ise, o bebeğin tüm yaşamı boyunca eğitim, öğretim masraflarının tamamı THY tarafından karşılanmaktadır. Ayrıca uçakta doğan bebeğe ömür boyu ücretsiz seyahat hakkı verilir.'),(34,'HSG','5.12.2017 ','200 Türk Lirası','Objective','INF_CLA','TRUE','0','SCI_ENV_SOC','https://dogrula.org/200-tlnin-arkasinda-sevelim-sevilelim-yaziyor-iddiasi/','200 TL’nin Arkasında Sevelim Sevilelim Yazıyor İddiası','200 Türk Lirasının arkasında, gözden kaçırdığımız ya da okumadan geçtiğimiz bir yazının olduğu son dönemlerde gündemdedir. Banknotun arka kısmında “Sevelim Sevilelim” yazdığı iddiası doğrudur. 13. yüzyılda Anadolu’da yaşayan ve Türk şiirinin öncüsü olan Yunus Emre’nin bir dizesine, 200 TL’lik banknotun arkasında yer verilmiştir. Ön yüzünde Atatürk‘ün, arka yüzünde ise Yunus Emre‘nin bulunduğu banknot, Nisan 2013’te dolaşıma çıkmıştır.\n'),(35,'HSG','4.12.2017 ','Japonya','Objective','INF_CLA','TRUE','0','SCI_ENV_SOC','https://dogrula.org/20-saniye-erken-kalkan-tren-icin-ozur-iddiasi/','20 Saniye erken kalkan tren için özür iddiası','Japonya’da vaktinden 20 saniye erken hareket eden tren sebebiyle, tren firmasının yolcularından özür dilediği iddia edildi. Japon firmasının trenin 20 saniye erken kalkmış olması sebebiyle özür dilediği iddiası doğrudur.\n14 Kasım sabahı Metropolitan Intercity Railway Company (Büyükşehir Şehirlerarası Demiryolu Şirketi) bünyesindeki Tsukuba Express hattına ait 5255 kodlu tren, Minami-Nagareyama durağına saat 09:43:40’ta ulaşmıştır. Trenin bu duraktan saat 09:44:40‘ta tekrar kalkması gerekirken tren, saat 09:44:20‘de yani planlanan zamandan 20 saniye erken hareket etmiştir. Tren personeli hatayı üstlenmiş ve zaman çizelgesi yeterince kontrol edilmeden kapıların kapatıldığını bildirmiştir.'),(36,'V','6.06.2017 ','Whatsapp,\nCorro,\nMERS-Cov','Objective','TRU_VER','TRUE','37','SCI_ENV_SOC','https://teyit.org/hurmalardaki-virus-ve-suudi-arabistan-saglik-bakanliginin-uyarisi/','Hurmalardaki corro virüsü ve Suudi Arabistan Sağlık Bakanlığı’nın uyarısı','Özellikle WhatsApp gruplarında yaygınlaşan bir iddiada, Suudi Arabistan Sağlık Bakanlığı tarafından bir uyarı yayınlandığı, bu uyarıda hurma ağaçlarında çok sayıda yarasa olduğu ve bu yarasaların Corro virüsü taşıdığı belirtildi. Sosyal medyada paylaşılan bu iddiada hurmaların yenmeden önce iyice yıkanması gerektiği de ifade edildi. Ancak iddia doğru değil. İddiada belirtildiği gibi “Corro” isminde herhangi bir virüs bulunmuyor. “Corona” virüsünün kastedildiği düşünüldüğünde de, Suudi Arabistan Sağlık Bakanlığı’nın konu hakkında bir açıklaması bulunmuyor. Ayrıca corona virüsünün sebep olduğu MERS-CoV enfeksiyonu Suudi Arabistan’da geçtiğimiz yıllarda sıkça görülse de, bu enfeksiyonun develerden insanlara solunum yoluyla geçtiği ifade ediliyor.'),(37,'V',NULL,'Hurma,\nCorro','Negative ','MAN_PROP','FAKE','36','SCI_ENV_SOC','Social Media Virals','Hurmalar tehlike saçıyor','Dikkat Dikkat !!! Suudi Sağlık Bakanlığı BİR UYARI YAYINLADI. Yemeden önce lütfen hurmaları iyice yıkayın. Çünkü bu sezon hurma ağaçlarında çok sayıda yarasa var ve yarasalar Corro virüsünü taşıyorlar. Lütfen paylaşın !!! Ramzan ayında Hurma tüketimi aşırı artıyor. İnsanlara duyuralım...'),(38,'V','21.11.2017 ','Whatsapp,\nHacettepe','Objective','INF_CLA','TRUE','39','HEALTH','https://teyit.org/sut-sut-urunlerinde-solitin-isimli-olumcul-bir-kimyasal-bulundugu-iddiasi/','Süt ve süt ürünlerinde Solitin isimli ölümcül bir kimyasal bulunduğu iddiası','Sosyal medyada ve WhatsApp gruplarında dolaşıma giren bir metinde, süt ve süt ürünleri üretimi yapan şirketlerin maliyetleri düşürmek için zararlı Solitin maddesini kullandıkları iddia edildi. Hacettepe Üniversitesi Biyokimya Bölümü’nden Yrd. Doç. Dr. Gülden Semavi imzasıyla yayılan metinde Solitin isimli kimyasal bileşiğin insan sağlığı üzerindeki olumsuz etkilerinin sıralandığı görülebiliyor. Ancak 2011 yılından beri internette dolaşan ve Yrd. Doç. Dr. Gülden Semavi imzasıyla paylaşılan metindeki iddialar gerçeği yansıtmıyor. Metinde bahsi geçen Hacettepe Üniversitesi Tıbbi Biyokimya Bölümü çalışanlarına bakıldığında metindeki Gülden Semavi ve Gönül Özdeğer isimlerine rastlanmıyor.'),(39,'V','28.11.2017 ','Solitin,\nGönül Özdeğer','Negative ','MAN_PROP','FAKE','38','HEALTH','Social Media Virals','Arkadaşlar, bu yazıyı dikkatle okumanızı öneririm.','“*Ankara Hıfsızsıhha Gıda Denetim Bölüm Başkan Yrd. Gönül Özdeğer ve iki asistanı SOLİTİN adlı kimyasal ile ilgili çalışmaları ve yayınlarından dolayı ölüm tehditleri aldıklarını açıkladılar ve savcılığa suç duyurusunda bulundular. *Çocuklarınıza beş kuruşa, yirmi kuruşa, elli kuruşa gofret, çikolata ve süt ürünleri alabilmemiz, evlerimize çeşit çeşit peynir, yoğurt, hazır sütlü tatlı vs. girebilmesi hep bu yüzden. Çevrenize baktığınızda ne kadar çok dializ merkezi ve böbrek hastası olduğunu siz de görüyorsunuz. Bu artışın sebebi bazı ahlaksız firmaların kar hırsından başka bir şey değil. !'),(40,'HSG','5.12.2017 ','İstanbul,\nMeteoroloji','Objective','INF_CLA','TRUE','41','SCI_ENV_SOC','http://www.hurriyet.com.tr/istanbullular-dikkat-kar-kureme-araclari-ana-yollara-indi-40668863','İstanbullular dikkat! Kar küreme araçları ana yollara indi','İstanbul\'da meteoroloji tarafından yapılan kar yağışı uyarıları belediye ekiplerini de harekete geçirdi. Belediye ekipleri ana yollara kar küreme ve tuzlama araçları yerleştirildi. Meteoroloji tarafından İstanbul için yapılan kar yağışı uyarıları nedeniyle belediye ekipleri de önlemlerini arttırdı.\nİstanbul Büyükşehir Belediyesi\'ne bağlı ekipler de ana yollarda oluşabilecek olumsuzluklara karşın kar küreme ve tuzlama araçları yerleştirdi.'),(41,'HSG',NULL,'İstanbullular','Negative ','HUM','FAKE','40','SCI_ENV_SOC','http://www.zaytung.com/sondakikadetay.asp?newsid=333591','Son Dakika!','\'İstanbullular dikkat! Kar küreme araçları ana yollara indi diye manşet atan hürriyet.com.tr kışın köylere kurt inmesinden daha beterinin ne olduğu sorusuna açıklık getirdi…'),(42,'HSG',NULL,'Galatasaray,\nDursun Özbek','Negative ','HUM','FAKE','0','SPORTS','http://www.zaytung.com/haberdetay.asp?newsid=327620','Galatasaray Camiası, Dursun Özbek Konusunda Kararsız: Kulübü Bilerek mi Batırmaya Çalışıyor Yoksa Dümdüz Beceriksiz mi?','Son olarak Riva arazisinin satışı için yapılan ihaleyi kazanan firmanın çekilmesiyle kulübün 180 milyon TL kadar zarar etmesinin ardından Galatasaray camiasında Başkan Dursun Özbek\'le ilgili tartışmalar tekrar alevlendi. Özbek konusunda ikiye bölünen camianın bir kısmı Başkan\'ın bir plan dahilinde bilerek takımı batırmaya çalıştığı görüşünü savunurken, daha iyi niyetli düşünmeye çalışan taraftarlar ise Özbek\'in sade, dümdüz beceriksiz olduğu görüşünde. \nÖzbek\'le ilgili komplo teorilerine yakın duran grup, \"aslında rakip takımlardan birinin adamı\" olmasından başlayarak \"önce takımın değerini düşürüp daha sonra da Araplar\'a satılmasıya ilgili bir planın parçası\" olmasına kadar farklı senaryoları dile getirirken, ortak düşünce ise \"Koca Galatasaray camiasının içinden başkan olarak böyle biri çıkamaz. İşin içinde başka bir iş olması lazım\" şeklinde. '),(43,'HSG',NULL,'İstanbullular','Positive','HUM','FAKE','0','SCI_ENV_SOC','http://www.zaytung.com/haberdetay.asp?newsid=329176','Kadıköy Belediyesi\'nden İstanbullulara Dev Hizmet: Hafta Sonu Moda Sahili Dışında Gidilebilecek Alternatif Yerler Tanıtım Günleri Başlıyor','Hafta sonları İstanbulluların akınına uğrayan Moda sahili üzerindeki yükü hafifletmek için harekete geçen Kadıköy Belediyesi, şehirdeki alternatif güzergahları tanıtmayı amaçlayan bir dizi etkinlik düzenleme kararı aldı. Kadıköy Belediyesi tarafından düzenlenecek tanıtım etkinliğiyle ilgili olarak konuşan Belediye Kültür ve Sosyal İşler Müdürü Orhan Durusul \"Biz de pek bilmiyoruz ama bakıyoruz işte. Koskoca şehir, illa vardır gidilecek bir yerler. Olması lazım yani\" sözleriyle şu an henüz araştırma safhasında olduklarını ifade etti.'),(44,'HSG',NULL,'Türkiye,\nSigmar Gabriel,\nAlman','Negative ','MIS_INF','FAKE','45','POLITICS','http://www.zaytung.com/haberdetay.asp?newsid=328975','Türkiye\'ye Silah Satışını Durdurma Kararı Fazla Ses Getirmeyen Almanya, Eli Yükseltiyor: Zırhlı Mercedes Ambargosu Gündemde...','İki ülke arasındaki gerginlik nedeniyle son olarak Türkiye\'ye yönelik silah satışını durdurma kararı alan Almanya, bu hamleye Türkiye\'den kayda değer bir tepki gelmemesi nedeniyle yaptırımların dozunu artırma yoluna gidiyor. Akşam saatlerinde basına bir açıklama yapan Dışişleri Bakanı Sigmar Gabriel, \"İşler bu noktaya gelsin istemezdik ama başka seçeneğimiz de kalmamış gibi görünüyor. Bu kez bazı canlar yanacak\" sözleriyle Türkiye\'ye yönelik Zırhlı Mercedes satışının durdurulmasının gündemde olduğunu ifade etti.\nTürkiye\'ye yönelik seyahat uyarısı, AB müzakarelerinin durdurulmasının ve Gümrük Birliği anlaşmasının iptalinin gündeme alınması ve son olarak silah satışının durdurulması gibi kararların birer uyarı atışı olduğunu belirten Alman Dışişleri Bakanı, ikili ilişkilerde gelinen noktayı şu sözlerle aktardı:\n\"Aklı başında Alman vatandaşları zaten bir süredir turizm için Türkiye\'yi tercih etmiyorlardı. Aklı başında Türkler bile turist olarak Türkiye\'yi tercih etmiyor zaten. O yüzden seyahat uyarısı çok etkili olmadı.\"\n'),(45,'HSG','12.09.2017\n','Almanya Başbakanı,\nNATO,\nTürkiye','Objective','INF_CLA','TRUE','44','POLITICS','https://www.ntv.com.tr/dunya/merkelden-turkiyeye-silah-ambargosu-aciklamasi,tx6t2j466kmB8NE6IQNTQg','Merkel\'den Türkiye\'ye \"silah ambargosu\" açıklaması','Almanya Başbakanı Angela Merkel, NATO üyesi Türkiye\'ye topyekun bir silah ambargosuna karşı olduğunu söyledi. Almanya Başbakanı Angela Merkel 24 Eylül\'deki genel seçimler öncesi Alman devlet televizyonu NDR\'e konuştu. Almanya Başbakanı Merkel, NATO üyesi Türkiye\'ye topyekun bir silah ambargosuna karşı olduğunu belirtti. Almanya\'nın güvenlik konusunda Türkiye ile birlikte çalışmasının zorunlu olduğunu vurgulayan Başbakan Merkel, \"DAEŞ\'e ve İslamcı teröre karşı savaşta birlikte mücadele ediyoruz\" açıklamasında bulundu. Merkel, Almanya\'nın Türkiye\'ye silah satışını vaka bazında inceleme yaparak karar vereceğini de belirtti.'),(46,'V','1.11.2017 ','Facebook Messenger','Objective','TRU_VER','TRUE','47','URBAN LEGEND','https://teyit.org/facebook-messengerin-10-yil-mesaji-paylasilarak-7-gb-kazanilabildigi-iddiasi/','Facebook Messenger’ın 10. yıl mesajı paylaşılarak 7 GB kazanılabildiği iddiası','Sosyal medyada dolaşıma giren bir mesajda, “Messanger” olarak belirtilen Facebook Messenger’in 10. yılını kutlaması dolayısıyla söz konusu mesajın 25 kişiye gönderilmesi durumunda 7 GB internet hakkına sahip olunacağı iddia edildi. Bu iddia özellikle Facebook’ta birçok kullanıcı tarafından paylaşıldı. Ancak, Facebook Messenger’in 10. yılı dolayısıyla bu mesajın 25 kişiye gönderilmesi durumunda 7 GB internet kazanılacağı iddiası doğru değil.  “Messanger” ifadesi ile kastedilen ve Facebook tarafından kullanıcılar arasındaki mesajlaşma için geliştirilen Facebook Messenger’ın kuruluş tarihi 9 Ağustos 2011. Yani Messenger’in 10. yaşı 2021 tarihine denk geliyor.'),(47,'V',NULL,'Messanger ','Positive','MIS_INF','FAKE','46','URBAN LEGEND','Social Media Virals','Facebook Messenger’ın 10. yılını kutluyor.','Messanger 10. yılını kutluyor! Eğer bugün bu mesajı 25 kişiye gönderirseniz, aylık 7GB internet hakkınız olacaktır. 25 kişide bu buton yeşile dönüşecektir.'),(48,'HSG','7.12.2017 ','Türkiye Estetik Cerrahlar Derneği,\n2017,Sinan Odaçayı','Positive','HUM','FAKE','0','SCI_ENV_SOC','http://www.zaytung.com/haberdetay.asp?newsid=333644','2017 \"Burun Estetiği Raporu\" yayınlandı: Yine herkes nefes alamadığı için yaptırmış...','Türkiye Estetik Cerrahlar Derneği\'nin yayınladığı 2017 raporuna göre burun estetiği yaptıranların sayısındaki yükseliş trendi bu yıl da sürerken, operasyonların temel nedeninde ise herhangi bir değişiklik yok. Rapora göre, burun ameliyatlarının neredeyse tamamı nefes alma problemi nedeniyle gerçekleşirken, bunu deviasyon, burunda et olması ve spor yaparken yaşanan kazalar sonucu yamulmalar gibi nedenler takip ediyor. \"Beğenmiyordum, daha güzel görünmek için yaptırdım\" diyenlerin oranı ise geçtiğimiz yıllarda olduğu gibi bu yıl da %1\'in altında, onların da tamamı ucuz olduğu için Türkiye\'de ameliyat olan yabancılar... \"Anlıyoruz ama ses etmiyoruz\" Raporu kamuoyuyla paylaşan Türkiye Estetik Cerrahlar Derneği Genel Başkanı Operatör Doktor Sinan Odaçayı, geride bırakmaya hazırlandığımız 2017 yılında Türkiye\'de toplam 70 Bin\'in üzerinde burun estetiği operasyonu gerçekleştirildiğini belirtti.\nHastaların nerdeyse tamamının \'burnumdan nefes alamıyorum, et mi var bi şey var\' şikayetiyle geldiğini belirten Odaçayı, \"Sonra da daha cümleleri bitmeden \'ya hazır bakmışken şu ucunu da biraz kaldırsak, üstteki kemeri de yok etsek iyi olur aslında di mi?\' diye devam ediyorlar. Anlıyoruz tabii durumu ama tabii tabii hallederiz diyip diye idare ediyoruz. Neticede biz de ekmeğimizin peşindeyiz, durduk yere gerilmeye gerek yok müşteriyle\" sözleriyle estetik cerrahi dünyasında yaşanan gelişmeleri aktardı.'),(49,'HSG','25.09.2017 ','İstanbul Büyükşehir Belediyesi,Kadir Topbaş','Positive','INF_CLA','TRUE','50','POLITICS','https://tr.sputniknews.com/turkiye/201709251030299338-topbas-ibb-istifa-veda/','Topbaş\'tan İstanbullulara: Beni gönlünüzden çıkarmayın','İstanbul Büyükşehir Belediyesi Başkanlığı\'ndan istifa eden Kadir Topbaş, \"Vatandaşımızın bize olan sevgisinin derin olduğunu görmem ayrıca mutlu etti. İnsanların gönlünde yer tutmak önemli. Beni gönüllerinden çıkartmasınlar\" dedi. Eski İstanbul Büyükşehir Belediye Başkanı Topbaş, İstanbul Büyükşehir Belediyesi personeli ile vedalaştı.  İstanbul Büyükşehir Belediyesi\'ndeki veda sırasında kısa bir açıklama yapan Topbaş, \"Yapılan işler ortada. Vatandaş hep takdir ettiği için 3 dönem başkanlığım var. Yeni arkadaşımız gelecek başarılar diliyorum. Deneyim ve bilgimi her daim kendileri ile paylaşırım isterlerse. Şehir, yarınlar bizim. \'Her gelecek yakındır\' böyle bir Atasözü var.  Gelecektir mutlaka. Bu dönem de bitecekti süreli zaten. Zaman dilimi içinde görevlendiriliyoruz\" diye konuştu. '),(50,'HSG',NULL,'İBB, İstanbul Büyükşehir Belediyesi, Kadir Topbaş','Negative ','HUM','FAKE','49','POLITICS','http://www.zaytung.com/haberdetay.asp?newsid=329524','İBB\'den Kadir Topbaş\'a Anlamlı Veda: Bir Sonraki Yağışta Sular Altında Kalacak İlk Alt Geçide İsmi Verilecek','İstanbul Büyükşehir Belediyesi, bu akşam düzenlediği basın toplantısıyla görevinden istifa ettiğini açıklayan 13 yıllık başkanı Kadir Topbaş\'a anlamlı bir jestle veda etmeye hazırlanıyor. İstifa açıklamasının ardından toplanan İBB Meclisi, \"Kadir Topbaş\" adının bir sonraki yağışta sular altında kalacak ilk alt geçide verilmesi yönünde karar aldı. \nKararı açıklamak üzere mikrofonların başına geçen İBB Meclisi üyesi AK Partili İsmail Alabunlar, Topbaş\'ın istifası sırasında sarf ettiği \"İnsanlar çok şeyi affeder adam yerine konmamayı affetmez.\" sözleri üzerine acil olarak toplandıklarını belirtti. \"Kime dedi? Bize mi dedi? Acaba Kadir Başkan\'a karşı bir yanlışımız mı oldu diye kendimizi sorguladığımız bir toplantı oldu. Şu 5 tane imar dosyası ile ilgili olarak bir sürtüşme yaşadık kendisiyle doğru ama bunlar her zaman olan şeyler zaten. Rant kavgası yüzünden istifa edilmez. Neticede bugün bana, yarın sanadır bu işler.\" diyen Alabunlar, yaptıkları istişare sonunda Topbaş\'a karşı takdir ve şükranlarını yeterince göstermedikleri sonucuna vardıklarını ifade etti.\"'),(51,'V','20.10.2017 ','Macaristan,Portekiz, Norveç, Slovenya Visalia Golbal','Objective','TRU_VER','TRUE','52','POLITICS','https://teyit.org/dort-ab-ulkesinin-vize-kosullarinin-degistigi-iddiasi/','Dört AB Ülkesinin vize koşullarının değiştiği iddiası','Macaristan, Portekiz, Norveç ve Slovenya ülkelerin vize işlemlerini yürüten aracı Visalia Global şirketinin internet sitesinde 20 Kasım’dan sonra bu ülkelere seyahat etmek isteyenlere vize verilmeyeceğine yönelik bir açıklama yer aldı. Ayrıca bir turizm şirketi olan SETUR imzasıyla dolaşımda olan bir mail görseli kullanıcılar tarafından paylaşıldı. Ancak, Schengen vizesi isteyen ülkelere vize koşullarının değiştiği Macaristan, Portekiz, Norveç ve Slovenya gibi ülkere 20 Kasım’dan sonra vize verilmeyeceği iddiaları doğru değil. Vize işlerini yürüten şirketin değişmesi sonucunda sadece işlemlerde bir yavaşlama yaşanabileceği aktarıldı.\nMacaristan Başkonsolosluğu tarafından HaberTürk Gazetesi’ne yapılan yazılı açıklamada şu ifadeler yer alıyor: “Değerli başvuru sahiplerimiz ve acente yetkililerimiz, 10 Kasım 2017 tarihinden itibaren yeni bir vize merkezimiz, AS VISA hizmet verecektir, Macaristan, Norvec, Slovenya ve Portekiz icin başvurulari alacaktır. Bu teknik değisiklik günlük işlemleri aksatmayacaktır, 10 Kasım’dan sonraki seyahatlar için Visalia Global’in mevcut sisteminde randevu alınabilir.” teyit.org’un görüştüğü Portekiz Büyükelçiliği de söz konusu durumun Portekiz için geçerli olmadığını ifade etti. Norveç Büyükelçiliği’nden vize bölümü yetkilileri de bilginin yanlış haber olduğunu, üçüncü parti kuruluş hakkındaki bir anlaşmazlık yüzünden ortaya çıktığını belirtti. Slovenya Büyükelçilikliği’ne ulaşılamadı.'),(52,'V',NULL,'Macaristan,Portekiz, Norveç, Slovenya Visalia Golbal','Negative ','MIS_INF','FAKE','51','POLITICS','Social Media Virals','Duyuru ','Visalia Global ve Setur\'a göre Macaristan, Portekiz, Norveç ve Slovenya, 20 kasımdan itibaren Schengen vize başvurularını askıya alıyor.'),(53,'HSG',NULL,'Beyaz Futbol, Rasim Ozan Kütahyalı, Boşnak','Negative ','HUM','FAKE','54','SCI_ENV_SOC','http://www.zaytung.com/haberdetay.asp?newsid=332840','Rasim Ozan Kütahyalı: \'\'İlk kez ne dediğimin anlaşıldığı bir cümle kurdum, o da buna denk geldi. Üzgünüm...\'\'','Beyaz Futbol\'da sarf ettiği Boşnak\'lar ve oral seks\'le ilgili bir deyimin ardından yoğun tepkilere maruz kalarak çalıştığı kanal ve gazeteden kovulan Rasim Ozan Kütahyalı, günah çıkardı. Genel olarak anlamsız böğürtüler arasına serpiştirdiği \"hocam hocam\"larla sürdürdüğü televizyon yorumculuğu kariyerinde ilk kez ne söylediğinin net olarak anlaşıldığı bir cümle kurduğuna dikkat çeken Kütahyalı, \"Kafam biraz yerinde olsa eminim daha uygun bir cümle seçerdim. Bana içirilen bir madde yüzünden o an ilk aklıma geleni söyledim. Üzgünüm\" sözleriyle başta Boşnaklar olmak üzere herkesten bir kez daha özür diledi. \nYaptığı yazılı açıklamada \"Beni izleyenler bilir. Ekranda normalde öyle bir şey söylemem asla ve asla mümkün değil. Yani istesem de yapamam, o manada mümkün değil. Daha 2. kelimeyi bitiremeden Ohooo\'yla bağlarım cümleyi. Eeooo\'yle Oooo\'yla Aaaaaa\'yla derdimi anlatırım. Bu ekranda da böyle, evde de böyle. İnanmayan Nagihan\'a sorsun\" diyen Kütahyalı, kendisine FETÖ tarafından dil çözme büyüsü yapıldığı yönünde güçlü şüpheleri olduğunu da sözlerine ekledi. Bir şans daha istedi\nKütahyalı, ekranda bir kez daha konuşma şansı verilmesi halinde bu iddiasını ispatlayacağını belirtirken, son olarak şu ifadelere yer verdi: \n\"Tepki biraz da o yüzden oldu sanıyorum. Bu adam madem konuşabiliyordu bu zamana kadar neden sadece böğürmesini dinledik gibi haklı bir serzenişi de var izleyicinin. Ama inanın normalde öyle bir insan değilim ben. Bugün çıksam yine tek kelime anlamazsınız. Yalanım varsa beni taa eşşekler sioohoooo hocam oooaaaa...\"'),(54,'HSG','20.11.2017 ','Beyaz Futbol, Rasim Ozan Kütahyalı, Bosna, Aliya İzzetbegoviç','Objective','INF_CLA','TRUE','53','SCI_ENV_SOC','http://www.mynet.com/haber/guncel/rasim-ozan-kutahyalidan-skandal-sozleriyle-ilgili-aciklama-ilk-kez-duydum-geyik-olsun-diye-soyledim-3402083-1','Rasim Ozan Kütahyalı\'dan skandal sözleriyle ilgili açıklama: İlk kez duydum. Geyik olsun diye söyledim.','Beyaz TV ekranlarında yayınlanan Beyaz Futbol programında yaptığı skandal \"Kusturmalı boşnak s.\" açıklaması ile büyük tepki çeken Rasim Ozan Kütahyalı, sosyal medya hesabından konuyla ilgili açıklamada bulundu. Kütahyalı, \"Bosna halkının hayranı bir adamım. Siyasi bilgelik olarak en değer verdiğim adamlardan biri de Aliya İzzetbegoviç\'tir. Hayatımda ilk kez duyduğum bir laftı. Bunu da canlı yayında geyik olsun diye söyledim\" dedi.'),(55,'V','8.12.2017 ','Facebook','Objective','INF_CLA','TRUE','56','SCI_ENV_SOC','https://teyit.org/toplu-igne-kullanarak-kalp-krizi-geciren-kisinin-hayatinin-kurtarilabilecegi-iddiasi/','Toplu iğne kullanarak kalp krizi geçiren kişinin hayatının kurtarılabileceği iddiası','Sosyal medyada ve Sabah, Mynet gibi haber sitelerinde yer alan haberlerde sadece toplu iğne kullanarak kalp krizi geçiren kişinin hayatının kurtarılabileceği iddia edildi. 6 Aralık’ta “Anlamlı Sözler” isimli Facebook sayfasında paylaşılan iddia yaklaşık 10 bin paylaşım ve 4 bin beğeni aldı.\nİddiada kalp krizi anında toplu iğnenin ucunu çakmak ile temizleyip, iğneyi kişinin tüm parmak uçlarından kan akacak şekilde batırmanın gerektiği belirtildi. Bu şekilde hastanın kan basıncının dışarıya iletileceği ve kişinin bilincinin yerine geleceği ve tüm bu yapılanların hastaneye gitmek için zaman kazandıracağı da ifade edildi. Ancak kalp krizi geçiren hastaya bir toplu iğne ile ilk yardım yapılabileceği iddiası doğru değil. İddianın uzun süredir internette dolaşan ve şehir efsanesi haline gelen “Bir İğne Hayat Kurtarabilir” başlıklı İngilizce bir metinden alındığı anlaşılabiliyor. “Çinli bir profesörden” alındığı iddia edilen yazı kalp krizi anında yapılacakları madde madde sıralıyor. '),(56,'V','13.11.2017 ',NULL,'Objective','MIS_INF','FAKE','55','SCI_ENV_SOC','https://www.sabah.com.tr/saglik/2017/11/13/1-igne-ile-kalp-krizinde-hayat-kurtaran-yontem?paging=5','1 iğne ile kalp krizinde hayat kurtaran yöntem','Ardından her bir kulak memesinden ikişer damla kan gelene kadar her kulak memesine de iki kez iğne batırın. Hastanın bilincini açık tutmak için bu işlemi yapacaksınız. Yapılan tüm bu müdahalelerin ardından hasta en yakın sağlık kuruluşuna götürülmelidir. ');
/*!40000 ALTER TABLE `newsfromexcel` ENABLE KEYS */;
UNLOCK TABLES;

--
-- Table structure for table `newssourceref`
--

DROP TABLE IF EXISTS `newssourceref`;
/*!40101 SET @saved_cs_client     = @@character_set_client */;
/*!40101 SET character_set_client = utf8 */;
CREATE TABLE `newssourceref` (
  `newssourcerefId` int(11) NOT NULL AUTO_INCREMENT,
  `newssourcerefName` varchar(45) NOT NULL,
  `newssourcerefKey` varchar(45) NOT NULL,
  PRIMARY KEY (`newssourcerefId`),
  UNIQUE KEY `newssourcerefId_UNIQUE` (`newssourcerefId`),
  UNIQUE KEY `newssourcerefName_UNIQUE` (`newssourcerefName`),
  UNIQUE KEY `newssourcerefKey_UNIQUE` (`newssourcerefKey`)
) ENGINE=InnoDB AUTO_INCREMENT=3 DEFAULT CHARSET=utf8;
/*!40101 SET character_set_client = @saved_cs_client */;

--
-- Dumping data for table `newssourceref`
--

LOCK TABLES `newssourceref` WRITE;
/*!40000 ALTER TABLE `newssourceref` DISABLE KEYS */;
INSERT INTO `newssourceref` VALUES (1,'aa','div class=\"article-post-content\"'),(2,'cnnturk','div[class=detail-content medyanet-content]');
/*!40000 ALTER TABLE `newssourceref` ENABLE KEYS */;
UNLOCK TABLES;

--
-- Table structure for table `sentiment`
--

DROP TABLE IF EXISTS `sentiment`;
/*!40101 SET @saved_cs_client     = @@character_set_client */;
/*!40101 SET character_set_client = utf8 */;
CREATE TABLE `sentiment` (
  `SentimentId` int(11) NOT NULL AUTO_INCREMENT,
  `SentimentName` varchar(45) NOT NULL,
  PRIMARY KEY (`SentimentId`),
  UNIQUE KEY `SentimentId_UNIQUE` (`SentimentId`),
  UNIQUE KEY `SentimentName_UNIQUE` (`SentimentName`)
) ENGINE=InnoDB AUTO_INCREMENT=4 DEFAULT CHARSET=utf8;
/*!40101 SET character_set_client = @saved_cs_client */;

--
-- Dumping data for table `sentiment`
--

LOCK TABLES `sentiment` WRITE;
/*!40000 ALTER TABLE `sentiment` DISABLE KEYS */;
INSERT INTO `sentiment` VALUES (2,'Negative'),(3,'Objective'),(1,'Positive');
/*!40000 ALTER TABLE `sentiment` ENABLE KEYS */;
UNLOCK TABLES;

--
-- Table structure for table `topic`
--

DROP TABLE IF EXISTS `topic`;
/*!40101 SET @saved_cs_client     = @@character_set_client */;
/*!40101 SET character_set_client = utf8 */;
CREATE TABLE `topic` (
  `TopicId` int(11) NOT NULL AUTO_INCREMENT,
  `TopicName` varchar(45) NOT NULL,
  PRIMARY KEY (`TopicId`),
  UNIQUE KEY `TopicId_UNIQUE` (`TopicId`),
  UNIQUE KEY `TopicName_UNIQUE` (`TopicName`)
) ENGINE=InnoDB AUTO_INCREMENT=6 DEFAULT CHARSET=utf8;
/*!40101 SET character_set_client = @saved_cs_client */;

--
-- Dumping data for table `topic`
--

LOCK TABLES `topic` WRITE;
/*!40000 ALTER TABLE `topic` DISABLE KEYS */;
INSERT INTO `topic` VALUES (1,'HEALTH'),(2,'POLITICS'),(3,'SCI ENV SOC'),(4,'SPORTS'),(5,'URBAN LEGEND');
/*!40000 ALTER TABLE `topic` ENABLE KEYS */;
UNLOCK TABLES;

--
-- Table structure for table `type`
--

DROP TABLE IF EXISTS `type`;
/*!40101 SET @saved_cs_client     = @@character_set_client */;
/*!40101 SET character_set_client = utf8 */;
CREATE TABLE `type` (
  `TypeId` int(11) NOT NULL AUTO_INCREMENT,
  `TypeName` varchar(45) NOT NULL,
  PRIMARY KEY (`TypeId`),
  UNIQUE KEY `TypeId_UNIQUE` (`TypeId`),
  UNIQUE KEY `TypeName_UNIQUE` (`TypeName`)
) ENGINE=InnoDB AUTO_INCREMENT=7 DEFAULT CHARSET=utf8;
/*!40101 SET character_set_client = @saved_cs_client */;

--
-- Dumping data for table `type`
--

LOCK TABLES `type` WRITE;
/*!40000 ALTER TABLE `type` DISABLE KEYS */;
INSERT INTO `type` VALUES (1,'HUM'),(2,'INF CLA'),(3,'MAN PROP'),(4,'MIS INF'),(5,'RUM'),(6,'TRU VER');
/*!40000 ALTER TABLE `type` ENABLE KEYS */;
UNLOCK TABLES;

--
-- Table structure for table `value`
--

DROP TABLE IF EXISTS `value`;
/*!40101 SET @saved_cs_client     = @@character_set_client */;
/*!40101 SET character_set_client = utf8 */;
CREATE TABLE `value` (
  `ValueId` int(11) NOT NULL AUTO_INCREMENT,
  `ValueName` varchar(45) NOT NULL,
  PRIMARY KEY (`ValueId`),
  UNIQUE KEY `ValueId_UNIQUE` (`ValueId`),
  UNIQUE KEY `ValueName_UNIQUE` (`ValueName`)
) ENGINE=InnoDB AUTO_INCREMENT=3 DEFAULT CHARSET=utf8;
/*!40101 SET character_set_client = @saved_cs_client */;

--
-- Dumping data for table `value`
--

LOCK TABLES `value` WRITE;
/*!40000 ALTER TABLE `value` DISABLE KEYS */;
INSERT INTO `value` VALUES (2,'FAKE'),(1,'TRUE');
/*!40000 ALTER TABLE `value` ENABLE KEYS */;
UNLOCK TABLES;
/*!40103 SET TIME_ZONE=@OLD_TIME_ZONE */;

/*!40101 SET SQL_MODE=@OLD_SQL_MODE */;
/*!40014 SET FOREIGN_KEY_CHECKS=@OLD_FOREIGN_KEY_CHECKS */;
/*!40014 SET UNIQUE_CHECKS=@OLD_UNIQUE_CHECKS */;
/*!40101 SET CHARACTER_SET_CLIENT=@OLD_CHARACTER_SET_CLIENT */;
/*!40101 SET CHARACTER_SET_RESULTS=@OLD_CHARACTER_SET_RESULTS */;
/*!40101 SET COLLATION_CONNECTION=@OLD_COLLATION_CONNECTION */;
/*!40111 SET SQL_NOTES=@OLD_SQL_NOTES */;

-- Dump completed on 2017-12-14 23:01:09
